DATAFLOW,LAST UPDATE,freq,indic_is,unit,ind_type,geo,TIME_PERIOD,OBS_VALUE,OBS_FLAG
ESTAT:TIN00102(1.0),15/12/22 11:00:00,A,I_IUJOB,PC_IND,IND_TOTAL,AL,2019,9.70,
ESTAT:TIN00102(1.0),15/12/22 11:00:00,A,I_IUJOB,PC_IND,IND_TOTAL,AL,2021,4.91,
ESTAT:TIN00102(1.0),15/12/22 11:00:00,A,I_IUJOB,PC_IND,IND_TOTAL,AT,2005,6.22,
ESTAT:TIN00102(1.0),15/12/22 11:00:00,A,I_IUJOB,PC_IND,IND_TOTAL,AT,2006,8.58,
ESTAT:TIN00102(1.0),15/12/22 11:00:00,A,I_IUJOB,PC_IND,IND_TOTAL,AT,2007,8.01,
ESTAT:TIN00102(1.0),15/12/22 11:00:00,A,I_IUJOB,PC_IND,IND_TOTAL,AT,2008,8.99,
ESTAT:TIN00102(1.0),15/12/22 11:00:00,A,I_IUJOB,PC_IND,IND_TOTAL,AT,2009,10.38,
ESTAT:TIN00102(1.0),15/12/22 11:00:00,A,I_IUJOB,PC_IND,IND_TOTAL,AT,2010,10.80,
ESTAT:TIN00102(1.0),15/12/22 11:00:00,A,I_IUJOB,PC_IND,IND_TOTAL,AT,2011,20.52,
ESTAT:TIN00102(1.0),15/12/22 11:00:00,A,I_IUJOB,PC_IND,IND_TOTAL,AT,2013,18.32,
ESTAT:TIN00102(1.0),15/12/22 11:00:00,A,I_IUJOB,PC_IND,IND_TOTAL,AT,2015,12.76,
ESTAT:TIN00102(1.0),15/12/22 11:00:00,A,I_IUJOB,PC_IND,IND_TOTAL,AT,2017,11.77,
ESTAT:TIN00102(1.0),15/12/22 11:00:00,A,I_IUJOB,PC_IND,IND_TOTAL,AT,2019,11.47,
ESTAT:TIN00102(1.0),15/12/22 11:00:00,A,I_IUJOB,PC_IND,IND_TOTAL,AT,2021,12.38,
ESTAT:TIN00102(1.0),15/12/22 11:00:00,A,I_IUJOB,PC_IND,IND_TOTAL,BA,2019,4.16,
ESTAT:TIN00102(1.0),15/12/22 11:00:00,A,I_IUJOB,PC_IND,IND_TOTAL,BA,2021,4.43,
ESTAT:TIN00102(1.0),15/12/22 11:00:00,A,I_IUJOB,PC_IND,IND_TOTAL,BE,2005,7.86,
ESTAT:TIN00102(1.0),15/12/22 11:00:00,A,I_IUJOB,PC_IND,IND_TOTAL,BE,2006,9.03,
ESTAT:TIN00102(1.0),15/12/22 11:00:00,A,I_IUJOB,PC_IND,IND_TOTAL,BE,2007,7.90,
ESTAT:TIN00102(1.0),15/12/22 11:00:00,A,I_IUJOB,PC_IND,IND_TOTAL,BE,2008,8.15,
ESTAT:TIN00102(1.0),15/12/22 11:00:00,A,I_IUJOB,PC_IND,IND_TOTAL,BE,2009,13.49,
ESTAT:TIN00102(1.0),15/12/22 11:00:00,A,I_IUJOB,PC_IND,IND_TOTAL,BE,2010,12.89,
ESTAT:TIN00102(1.0),15/12/22 11:00:00,A,I_IUJOB,PC_IND,IND_TOTAL,BE,2011,14.16,
ESTAT:TIN00102(1.0),15/12/22 11:00:00,A,I_IUJOB,PC_IND,IND_TOTAL,BE,2013,14.54,
ESTAT:TIN00102(1.0),15/12/22 11:00:00,A,I_IUJOB,PC_IND,IND_TOTAL,BE,2015,18.24,
ESTAT:TIN00102(1.0),15/12/22 11:00:00,A,I_IUJOB,PC_IND,IND_TOTAL,BE,2017,15.20,
ESTAT:TIN00102(1.0),15/12/22 11:00:00,A,I_IUJOB,PC_IND,IND_TOTAL,BE,2019,12.21,
ESTAT:TIN00102(1.0),15/12/22 11:00:00,A,I_IUJOB,PC_IND,IND_TOTAL,BE,2021,14.37,
ESTAT:TIN00102(1.0),15/12/22 11:00:00,A,I_IUJOB,PC_IND,IND_TOTAL,BG,2006,4.43,
ESTAT:TIN00102(1.0),15/12/22 11:00:00,A,I_IUJOB,PC_IND,IND_TOTAL,BG,2007,5.09,
ESTAT:TIN00102(1.0),15/12/22 11:00:00,A,I_IUJOB,PC_IND,IND_TOTAL,BG,2008,6.55,
ESTAT:TIN00102(1.0),15/12/22 11:00:00,A,I_IUJOB,PC_IND,IND_TOTAL,BG,2009,8.71,
ESTAT:TIN00102(1.0),15/12/22 11:00:00,A,I_IUJOB,PC_IND,IND_TOTAL,BG,2010,9.38,
ESTAT:TIN00102(1.0),15/12/22 11:00:00,A,I_IUJOB,PC_IND,IND_TOTAL,BG,2011,11.72,
ESTAT:TIN00102(1.0),15/12/22 11:00:00,A,I_IUJOB,PC_IND,IND_TOTAL,BG,2013,9.86,
ESTAT:TIN00102(1.0),15/12/22 11:00:00,A,I_IUJOB,PC_IND,IND_TOTAL,BG,2015,10.77,
ESTAT:TIN00102(1.0),15/12/22 11:00:00,A,I_IUJOB,PC_IND,IND_TOTAL,BG,2017,6.60,
ESTAT:TIN00102(1.0),15/12/22 11:00:00,A,I_IUJOB,PC_IND,IND_TOTAL,BG,2019,7.18,
ESTAT:TIN00102(1.0),15/12/22 11:00:00,A,I_IUJOB,PC_IND,IND_TOTAL,BG,2021,6.66,
ESTAT:TIN00102(1.0),15/12/22 11:00:00,A,I_IUJOB,PC_IND,IND_TOTAL,CH,2017,26.58,b
ESTAT:TIN00102(1.0),15/12/22 11:00:00,A,I_IUJOB,PC_IND,IND_TOTAL,CH,2019,25.78,
ESTAT:TIN00102(1.0),15/12/22 11:00:00,A,I_IUJOB,PC_IND,IND_TOTAL,CH,2021,24.06,
ESTAT:TIN00102(1.0),15/12/22 11:00:00,A,I_IUJOB,PC_IND,IND_TOTAL,CY,2005,2.53,
ESTAT:TIN00102(1.0),15/12/22 11:00:00,A,I_IUJOB,PC_IND,IND_TOTAL,CY,2006,4.51,
ESTAT:TIN00102(1.0),15/12/22 11:00:00,A,I_IUJOB,PC_IND,IND_TOTAL,CY,2007,4.64,
ESTAT:TIN00102(1.0),15/12/22 11:00:00,A,I_IUJOB,PC_IND,IND_TOTAL,CY,2008,3.69,
ESTAT:TIN00102(1.0),15/12/22 11:00:00,A,I_IUJOB,PC_IND,IND_TOTAL,CY,2009,5.31,
ESTAT:TIN00102(1.0),15/12/22 11:00:00,A,I_IUJOB,PC_IND,IND_TOTAL,CY,2010,5.73,
ESTAT:TIN00102(1.0),15/12/22 11:00:00,A,I_IUJOB,PC_IND,IND_TOTAL,CY,2011,7.01,
ESTAT:TIN00102(1.0),15/12/22 11:00:00,A,I_IUJOB,PC_IND,IND_TOTAL,CY,2013,11.36,
ESTAT:TIN00102(1.0),15/12/22 11:00:00,A,I_IUJOB,PC_IND,IND_TOTAL,CY,2015,13.30,
ESTAT:TIN00102(1.0),15/12/22 11:00:00,A,I_IUJOB,PC_IND,IND_TOTAL,CY,2017,13.46,
ESTAT:TIN00102(1.0),15/12/22 11:00:00,A,I_IUJOB,PC_IND,IND_TOTAL,CY,2019,13.97,
ESTAT:TIN00102(1.0),15/12/22 11:00:00,A,I_IUJOB,PC_IND,IND_TOTAL,CY,2021,9.42,
ESTAT:TIN00102(1.0),15/12/22 11:00:00,A,I_IUJOB,PC_IND,IND_TOTAL,CZ,2005,2.38,
ESTAT:TIN00102(1.0),15/12/22 11:00:00,A,I_IUJOB,PC_IND,IND_TOTAL,CZ,2006,4.34,
ESTAT:TIN00102(1.0),15/12/22 11:00:00,A,I_IUJOB,PC_IND,IND_TOTAL,CZ,2007,3.79,
ESTAT:TIN00102(1.0),15/12/22 11:00:00,A,I_IUJOB,PC_IND,IND_TOTAL,CZ,2008,4.79,
ESTAT:TIN00102(1.0),15/12/22 11:00:00,A,I_IUJOB,PC_IND,IND_TOTAL,CZ,2009,7.93,
ESTAT:TIN00102(1.0),15/12/22 11:00:00,A,I_IUJOB,PC_IND,IND_TOTAL,CZ,2010,7.76,
ESTAT:TIN00102(1.0),15/12/22 11:00:00,A,I_IUJOB,PC_IND,IND_TOTAL,CZ,2011,7.27,
ESTAT:TIN00102(1.0),15/12/22 11:00:00,A,I_IUJOB,PC_IND,IND_TOTAL,CZ,2013,5.77,
ESTAT:TIN00102(1.0),15/12/22 11:00:00,A,I_IUJOB,PC_IND,IND_TOTAL,CZ,2015,5.24,
ESTAT:TIN00102(1.0),15/12/22 11:00:00,A,I_IUJOB,PC_IND,IND_TOTAL,CZ,2017,5.40,
ESTAT:TIN00102(1.0),15/12/22 11:00:00,A,I_IUJOB,PC_IND,IND_TOTAL,CZ,2019,6.09,
ESTAT:TIN00102(1.0),15/12/22 11:00:00,A,I_IUJOB,PC_IND,IND_TOTAL,CZ,2021,6.41,
ESTAT:TIN00102(1.0),15/12/22 11:00:00,A,I_IUJOB,PC_IND,IND_TOTAL,DE,2005,,u
ESTAT:TIN00102(1.0),15/12/22 11:00:00,A,I_IUJOB,PC_IND,IND_TOTAL,DE,2006,16.85,
ESTAT:TIN00102(1.0),15/12/22 11:00:00,A,I_IUJOB,PC_IND,IND_TOTAL,DE,2007,16.97,
ESTAT:TIN00102(1.0),15/12/22 11:00:00,A,I_IUJOB,PC_IND,IND_TOTAL,DE,2008,16.01,
ESTAT:TIN00102(1.0),15/12/22 11:00:00,A,I_IUJOB,PC_IND,IND_TOTAL,DE,2009,17.83,
ESTAT:TIN00102(1.0),15/12/22 11:00:00,A,I_IUJOB,PC_IND,IND_TOTAL,DE,2010,16.56,
ESTAT:TIN00102(1.0),15/12/22 11:00:00,A,I_IUJOB,PC_IND,IND_TOTAL,DE,2011,18.18,
ESTAT:TIN00102(1.0),15/12/22 11:00:00,A,I_IUJOB,PC_IND,IND_TOTAL,DE,2013,18.07,
ESTAT:TIN00102(1.0),15/12/22 11:00:00,A,I_IUJOB,PC_IND,IND_TOTAL,DE,2015,18.97,
ESTAT:TIN00102(1.0),15/12/22 11:00:00,A,I_IUJOB,PC_IND,IND_TOTAL,DE,2017,18.26,
ESTAT:TIN00102(1.0),15/12/22 11:00:00,A,I_IUJOB,PC_IND,IND_TOTAL,DE,2019,17.18,
ESTAT:TIN00102(1.0),15/12/22 11:00:00,A,I_IUJOB,PC_IND,IND_TOTAL,DE,2021,7.75,b
ESTAT:TIN00102(1.0),15/12/22 11:00:00,A,I_IUJOB,PC_IND,IND_TOTAL,DK,2005,18.79,
ESTAT:TIN00102(1.0),15/12/22 11:00:00,A,I_IUJOB,PC_IND,IND_TOTAL,DK,2006,20.33,
ESTAT:TIN00102(1.0),15/12/22 11:00:00,A,I_IUJOB,PC_IND,IND_TOTAL,DK,2007,25.59,
ESTAT:TIN00102(1.0),15/12/22 11:00:00,A,I_IUJOB,PC_IND,IND_TOTAL,DK,2008,23.26,
ESTAT:TIN00102(1.0),15/12/22 11:00:00,A,I_IUJOB,PC_IND,IND_TOTAL,DK,2009,27.32,
ESTAT:TIN00102(1.0),15/12/22 11:00:00,A,I_IUJOB,PC_IND,IND_TOTAL,DK,2010,28.72,
ESTAT:TIN00102(1.0),15/12/22 11:00:00,A,I_IUJOB,PC_IND,IND_TOTAL,DK,2011,26.90,
ESTAT:TIN00102(1.0),15/12/22 11:00:00,A,I_IUJOB,PC_IND,IND_TOTAL,DK,2013,22.36,
ESTAT:TIN00102(1.0),15/12/22 11:00:00,A,I_IUJOB,PC_IND,IND_TOTAL,DK,2015,36.47,
ESTAT:TIN00102(1.0),15/12/22 11:00:00,A,I_IUJOB,PC_IND,IND_TOTAL,DK,2017,23.51,
ESTAT:TIN00102(1.0),15/12/22 11:00:00,A,I_IUJOB,PC_IND,IND_TOTAL,DK,2019,37.06,
ESTAT:TIN00102(1.0),15/12/22 11:00:00,A,I_IUJOB,PC_IND,IND_TOTAL,DK,2021,36.33,
ESTAT:TIN00102(1.0),15/12/22 11:00:00,A,I_IUJOB,PC_IND,IND_TOTAL,EA,2005,8.88,
ESTAT:TIN00102(1.0),15/12/22 11:00:00,A,I_IUJOB,PC_IND,IND_TOTAL,EA,2006,10.64,
ESTAT:TIN00102(1.0),15/12/22 11:00:00,A,I_IUJOB,PC_IND,IND_TOTAL,EA,2007,12.05,
ESTAT:TIN00102(1.0),15/12/22 11:00:00,A,I_IUJOB,PC_IND,IND_TOTAL,EA,2008,12.90,
ESTAT:TIN00102(1.0),15/12/22 11:00:00,A,I_IUJOB,PC_IND,IND_TOTAL,EA,2009,14.14,
ESTAT:TIN00102(1.0),15/12/22 11:00:00,A,I_IUJOB,PC_IND,IND_TOTAL,EA,2010,14.56,
ESTAT:TIN00102(1.0),15/12/22 11:00:00,A,I_IUJOB,PC_IND,IND_TOTAL,EA,2011,15.92,
ESTAT:TIN00102(1.0),15/12/22 11:00:00,A,I_IUJOB,PC_IND,IND_TOTAL,EA,2013,17.23,
ESTAT:TIN00102(1.0),15/12/22 11:00:00,A,I_IUJOB,PC_IND,IND_TOTAL,EA,2015,17.20,
ESTAT:TIN00102(1.0),15/12/22 11:00:00,A,I_IUJOB,PC_IND,IND_TOTAL,EA,2017,16.93,
ESTAT:TIN00102(1.0),15/12/22 11:00:00,A,I_IUJOB,PC_IND,IND_TOTAL,EA,2019,16.79,
ESTAT:TIN00102(1.0),15/12/22 11:00:00,A,I_IUJOB,PC_IND,IND_TOTAL,EA,2021,14.18,b
ESTAT:TIN00102(1.0),15/12/22 11:00:00,A,I_IUJOB,PC_IND,IND_TOTAL,EE,2005,18.28,
ESTAT:TIN00102(1.0),15/12/22 11:00:00,A,I_IUJOB,PC_IND,IND_TOTAL,EE,2006,16.89,
ESTAT:TIN00102(1.0),15/12/22 11:00:00,A,I_IUJOB,PC_IND,IND_TOTAL,EE,2007,13.07,
ESTAT:TIN00102(1.0),15/12/22 11:00:00,A,I_IUJOB,PC_IND,IND_TOTAL,EE,2008,15.14,
ESTAT:TIN00102(1.0),15/12/22 11:00:00,A,I_IUJOB,PC_IND,IND_TOTAL,EE,2009,22.09,
ESTAT:TIN00102(1.0),15/12/22 11:00:00,A,I_IUJOB,PC_IND,IND_TOTAL,EE,2010,25.24,
ESTAT:TIN00102(1.0),15/12/22 11:00:00,A,I_IUJOB,PC_IND,IND_TOTAL,EE,2011,24.79,
ESTAT:TIN00102(1.0),15/12/22 11:00:00,A,I_IUJOB,PC_IND,IND_TOTAL,EE,2013,20.28,
ESTAT:TIN00102(1.0),15/12/22 11:00:00,A,I_IUJOB,PC_IND,IND_TOTAL,EE,2015,21.97,
ESTAT:TIN00102(1.0),15/12/22 11:00:00,A,I_IUJOB,PC_IND,IND_TOTAL,EE,2017,20.38,
ESTAT:TIN00102(1.0),15/12/22 11:00:00,A,I_IUJOB,PC_IND,IND_TOTAL,EE,2019,20.58,
ESTAT:TIN00102(1.0),15/12/22 11:00:00,A,I_IUJOB,PC_IND,IND_TOTAL,EE,2021,19.83,
ESTAT:TIN00102(1.0),15/12/22 11:00:00,A,I_IUJOB,PC_IND,IND_TOTAL,EL,2005,2.19,
ESTAT:TIN00102(1.0),15/12/22 11:00:00,A,I_IUJOB,PC_IND,IND_TOTAL,EL,2006,4.22,
ESTAT:TIN00102(1.0),15/12/22 11:00:00,A,I_IUJOB,PC_IND,IND_TOTAL,EL,2007,4.60,
ESTAT:TIN00102(1.0),15/12/22 11:00:00,A,I_IUJOB,PC_IND,IND_TOTAL,EL,2008,5.41,
ESTAT:TIN00102(1.0),15/12/22 11:00:00,A,I_IUJOB,PC_IND,IND_TOTAL,EL,2009,5.51,
ESTAT:TIN00102(1.0),15/12/22 11:00:00,A,I_IUJOB,PC_IND,IND_TOTAL,EL,2010,6.08,
ESTAT:TIN00102(1.0),15/12/22 11:00:00,A,I_IUJOB,PC_IND,IND_TOTAL,EL,2011,12.91,
ESTAT:TIN00102(1.0),15/12/22 11:00:00,A,I_IUJOB,PC_IND,IND_TOTAL,EL,2013,15.98,
ESTAT:TIN00102(1.0),15/12/22 11:00:00,A,I_IUJOB,PC_IND,IND_TOTAL,EL,2015,17.78,
ESTAT:TIN00102(1.0),15/12/22 11:00:00,A,I_IUJOB,PC_IND,IND_TOTAL,EL,2017,15.34,
ESTAT:TIN00102(1.0),15/12/22 11:00:00,A,I_IUJOB,PC_IND,IND_TOTAL,EL,2019,12.87,
ESTAT:TIN00102(1.0),15/12/22 11:00:00,A,I_IUJOB,PC_IND,IND_TOTAL,EL,2021,10.31,
ESTAT:TIN00102(1.0),15/12/22 11:00:00,A,I_IUJOB,PC_IND,IND_TOTAL,ES,2007,10.16,
ESTAT:TIN00102(1.0),15/12/22 11:00:00,A,I_IUJOB,PC_IND,IND_TOTAL,ES,2008,12.32,
ESTAT:TIN00102(1.0),15/12/22 11:00:00,A,I_IUJOB,PC_IND,IND_TOTAL,ES,2009,16.67,
ESTAT:TIN00102(1.0),15/12/22 11:00:00,A,I_IUJOB,PC_IND,IND_TOTAL,ES,2010,16.16,
ESTAT:TIN00102(1.0),15/12/22 11:00:00,A,I_IUJOB,PC_IND,IND_TOTAL,ES,2011,16.97,
ESTAT:TIN00102(1.0),15/12/22 11:00:00,A,I_IUJOB,PC_IND,IND_TOTAL,ES,2013,19.62,
ESTAT:TIN00102(1.0),15/12/22 11:00:00,A,I_IUJOB,PC_IND,IND_TOTAL,ES,2015,20.23,
ESTAT:TIN00102(1.0),15/12/22 11:00:00,A,I_IUJOB,PC_IND,IND_TOTAL,ES,2017,19.38,
ESTAT:TIN00102(1.0),15/12/22 11:00:00,A,I_IUJOB,PC_IND,IND_TOTAL,ES,2019,18.24,
ESTAT:TIN00102(1.0),15/12/22 11:00:00,A,I_IUJOB,PC_IND,IND_TOTAL,ES,2021,18.78,
ESTAT:TIN00102(1.0),15/12/22 11:00:00,A,I_IUJOB,PC_IND,IND_TOTAL,EU27_2007,2005,9.78,
ESTAT:TIN00102(1.0),15/12/22 11:00:00,A,I_IUJOB,PC_IND,IND_TOTAL,EU27_2007,2006,10.78,
ESTAT:TIN00102(1.0),15/12/22 11:00:00,A,I_IUJOB,PC_IND,IND_TOTAL,EU27_2007,2007,11.56,
ESTAT:TIN00102(1.0),15/12/22 11:00:00,A,I_IUJOB,PC_IND,IND_TOTAL,EU27_2007,2008,12.90,
ESTAT:TIN00102(1.0),15/12/22 11:00:00,A,I_IUJOB,PC_IND,IND_TOTAL,EU27_2007,2009,14.84,
ESTAT:TIN00102(1.0),15/12/22 11:00:00,A,I_IUJOB,PC_IND,IND_TOTAL,EU27_2007,2010,15.12,
ESTAT:TIN00102(1.0),15/12/22 11:00:00,A,I_IUJOB,PC_IND,IND_TOTAL,EU27_2007,2011,16.68,
ESTAT:TIN00102(1.0),15/12/22 11:00:00,A,I_IUJOB,PC_IND,IND_TOTAL,EU27_2007,2013,17.26,
ESTAT:TIN00102(1.0),15/12/22 11:00:00,A,I_IUJOB,PC_IND,IND_TOTAL,EU27_2007,2015,17.20,
ESTAT:TIN00102(1.0),15/12/22 11:00:00,A,I_IUJOB,PC_IND,IND_TOTAL,EU27_2007,2017,16.84,
ESTAT:TIN00102(1.0),15/12/22 11:00:00,A,I_IUJOB,PC_IND,IND_TOTAL,EU27_2020,2007,11.02,
ESTAT:TIN00102(1.0),15/12/22 11:00:00,A,I_IUJOB,PC_IND,IND_TOTAL,EU27_2020,2008,11.97,
ESTAT:TIN00102(1.0),15/12/22 11:00:00,A,I_IUJOB,PC_IND,IND_TOTAL,EU27_2020,2009,13.47,
ESTAT:TIN00102(1.0),15/12/22 11:00:00,A,I_IUJOB,PC_IND,IND_TOTAL,EU27_2020,2010,14.18,
ESTAT:TIN00102(1.0),15/12/22 11:00:00,A,I_IUJOB,PC_IND,IND_TOTAL,EU27_2020,2011,15.41,
ESTAT:TIN00102(1.0),15/12/22 11:00:00,A,I_IUJOB,PC_IND,IND_TOTAL,EU27_2020,2013,16.06,
ESTAT:TIN00102(1.0),15/12/22 11:00:00,A,I_IUJOB,PC_IND,IND_TOTAL,EU27_2020,2015,16.08,
ESTAT:TIN00102(1.0),15/12/22 11:00:00,A,I_IUJOB,PC_IND,IND_TOTAL,EU27_2020,2017,15.83,
ESTAT:TIN00102(1.0),15/12/22 11:00:00,A,I_IUJOB,PC_IND,IND_TOTAL,EU27_2020,2019,15.63,
ESTAT:TIN00102(1.0),15/12/22 11:00:00,A,I_IUJOB,PC_IND,IND_TOTAL,EU27_2020,2021,13.42,b
ESTAT:TIN00102(1.0),15/12/22 11:00:00,A,I_IUJOB,PC_IND,IND_TOTAL,EU28,2007,11.53,
ESTAT:TIN00102(1.0),15/12/22 11:00:00,A,I_IUJOB,PC_IND,IND_TOTAL,EU28,2008,12.88,
ESTAT:TIN00102(1.0),15/12/22 11:00:00,A,I_IUJOB,PC_IND,IND_TOTAL,EU28,2009,14.84,
ESTAT:TIN00102(1.0),15/12/22 11:00:00,A,I_IUJOB,PC_IND,IND_TOTAL,EU28,2010,15.13,
ESTAT:TIN00102(1.0),15/12/22 11:00:00,A,I_IUJOB,PC_IND,IND_TOTAL,EU28,2011,16.71,
ESTAT:TIN00102(1.0),15/12/22 11:00:00,A,I_IUJOB,PC_IND,IND_TOTAL,EU28,2013,17.25,
ESTAT:TIN00102(1.0),15/12/22 11:00:00,A,I_IUJOB,PC_IND,IND_TOTAL,EU28,2015,17.19,
ESTAT:TIN00102(1.0),15/12/22 11:00:00,A,I_IUJOB,PC_IND,IND_TOTAL,EU28,2017,16.81,
ESTAT:TIN00102(1.0),15/12/22 11:00:00,A,I_IUJOB,PC_IND,IND_TOTAL,EU28,2019,16.78,
ESTAT:TIN00102(1.0),15/12/22 11:00:00,A,I_IUJOB,PC_IND,IND_TOTAL,FI,2005,24.21,
ESTAT:TIN00102(1.0),15/12/22 11:00:00,A,I_IUJOB,PC_IND,IND_TOTAL,FI,2006,26.45,
ESTAT:TIN00102(1.0),15/12/22 11:00:00,A,I_IUJOB,PC_IND,IND_TOTAL,FI,2007,26.37,
ESTAT:TIN00102(1.0),15/12/22 11:00:00,A,I_IUJOB,PC_IND,IND_TOTAL,FI,2008,26.40,
ESTAT:TIN00102(1.0),15/12/22 11:00:00,A,I_IUJOB,PC_IND,IND_TOTAL,FI,2009,24.05,
ESTAT:TIN00102(1.0),15/12/22 11:00:00,A,I_IUJOB,PC_IND,IND_TOTAL,FI,2010,27.37,
ESTAT:TIN00102(1.0),15/12/22 11:00:00,A,I_IUJOB,PC_IND,IND_TOTAL,FI,2011,26.79,
ESTAT:TIN00102(1.0),15/12/22 11:00:00,A,I_IUJOB,PC_IND,IND_TOTAL,FI,2013,26.53,
ESTAT:TIN00102(1.0),15/12/22 11:00:00,A,I_IUJOB,PC_IND,IND_TOTAL,FI,2015,26.76,
ESTAT:TIN00102(1.0),15/12/22 11:00:00,A,I_IUJOB,PC_IND,IND_TOTAL,FI,2017,29.24,
ESTAT:TIN00102(1.0),15/12/22 11:00:00,A,I_IUJOB,PC_IND,IND_TOTAL,FI,2019,32.05,
ESTAT:TIN00102(1.0),15/12/22 11:00:00,A,I_IUJOB,PC_IND,IND_TOTAL,FI,2021,34.18,
ESTAT:TIN00102(1.0),15/12/22 11:00:00,A,I_IUJOB,PC_IND,IND_TOTAL,FR,2006,6.27,
ESTAT:TIN00102(1.0),15/12/22 11:00:00,A,I_IUJOB,PC_IND,IND_TOTAL,FR,2007,12.37,
ESTAT:TIN00102(1.0),15/12/22 11:00:00,A,I_IUJOB,PC_IND,IND_TOTAL,FR,2008,17.00,
ESTAT:TIN00102(1.0),15/12/22 11:00:00,A,I_IUJOB,PC_IND,IND_TOTAL,FR,2009,13.21,
ESTAT:TIN00102(1.0),15/12/22 11:00:00,A,I_IUJOB,PC_IND,IND_TOTAL,FR,2010,15.85,
ESTAT:TIN00102(1.0),15/12/22 11:00:00,A,I_IUJOB,PC_IND,IND_TOTAL,FR,2011,14.95,
ESTAT:TIN00102(1.0),15/12/22 11:00:00,A,I_IUJOB,PC_IND,IND_TOTAL,FR,2013,17.75,
ESTAT:TIN00102(1.0),15/12/22 11:00:00,A,I_IUJOB,PC_IND,IND_TOTAL,FR,2015,16.59,
ESTAT:TIN00102(1.0),15/12/22 11:00:00,A,I_IUJOB,PC_IND,IND_TOTAL,FR,2017,16.21,
ESTAT:TIN00102(1.0),15/12/22 11:00:00,A,I_IUJOB,PC_IND,IND_TOTAL,FR,2019,17.44,
ESTAT:TIN00102(1.0),15/12/22 11:00:00,A,I_IUJOB,PC_IND,IND_TOTAL,FR,2021,15.72,
ESTAT:TIN00102(1.0),15/12/22 11:00:00,A,I_IUJOB,PC_IND,IND_TOTAL,HR,2007,8.19,
ESTAT:TIN00102(1.0),15/12/22 11:00:00,A,I_IUJOB,PC_IND,IND_TOTAL,HR,2008,11.04,
ESTAT:TIN00102(1.0),15/12/22 11:00:00,A,I_IUJOB,PC_IND,IND_TOTAL,HR,2009,14.29,
ESTAT:TIN00102(1.0),15/12/22 11:00:00,A,I_IUJOB,PC_IND,IND_TOTAL,HR,2010,16.89,
ESTAT:TIN00102(1.0),15/12/22 11:00:00,A,I_IUJOB,PC_IND,IND_TOTAL,HR,2011,19.84,
ESTAT:TIN00102(1.0),15/12/22 11:00:00,A,I_IUJOB,PC_IND,IND_TOTAL,HR,2013,15.28,
ESTAT:TIN00102(1.0),15/12/22 11:00:00,A,I_IUJOB,PC_IND,IND_TOTAL,HR,2015,16.37,
ESTAT:TIN00102(1.0),15/12/22 11:00:00,A,I_IUJOB,PC_IND,IND_TOTAL,HR,2017,13.07,
ESTAT:TIN00102(1.0),15/12/22 11:00:00,A,I_IUJOB,PC_IND,IND_TOTAL,HR,2019,14.31,
ESTAT:TIN00102(1.0),15/12/22 11:00:00,A,I_IUJOB,PC_IND,IND_TOTAL,HR,2021,14.72,
ESTAT:TIN00102(1.0),15/12/22 11:00:00,A,I_IUJOB,PC_IND,IND_TOTAL,HU,2005,9.76,
ESTAT:TIN00102(1.0),15/12/22 11:00:00,A,I_IUJOB,PC_IND,IND_TOTAL,HU,2006,11.86,
ESTAT:TIN00102(1.0),15/12/22 11:00:00,A,I_IUJOB,PC_IND,IND_TOTAL,HU,2007,12.70,
ESTAT:TIN00102(1.0),15/12/22 11:00:00,A,I_IUJOB,PC_IND,IND_TOTAL,HU,2008,14.12,
ESTAT:TIN00102(1.0),15/12/22 11:00:00,A,I_IUJOB,PC_IND,IND_TOTAL,HU,2009,17.86,
ESTAT:TIN00102(1.0),15/12/22 11:00:00,A,I_IUJOB,PC_IND,IND_TOTAL,HU,2010,20.43,
ESTAT:TIN00102(1.0),15/12/22 11:00:00,A,I_IUJOB,PC_IND,IND_TOTAL,HU,2011,20.04,
ESTAT:TIN00102(1.0),15/12/22 11:00:00,A,I_IUJOB,PC_IND,IND_TOTAL,HU,2013,17.95,
ESTAT:TIN00102(1.0),15/12/22 11:00:00,A,I_IUJOB,PC_IND,IND_TOTAL,HU,2015,16.77,
ESTAT:TIN00102(1.0),15/12/22 11:00:00,A,I_IUJOB,PC_IND,IND_TOTAL,HU,2017,13.93,
ESTAT:TIN00102(1.0),15/12/22 11:00:00,A,I_IUJOB,PC_IND,IND_TOTAL,HU,2019,14.84,
ESTAT:TIN00102(1.0),15/12/22 11:00:00,A,I_IUJOB,PC_IND,IND_TOTAL,HU,2021,16.59,
ESTAT:TIN00102(1.0),15/12/22 11:00:00,A,I_IUJOB,PC_IND,IND_TOTAL,IE,2005,2.37,
ESTAT:TIN00102(1.0),15/12/22 11:00:00,A,I_IUJOB,PC_IND,IND_TOTAL,IE,2006,6.02,
ESTAT:TIN00102(1.0),15/12/22 11:00:00,A,I_IUJOB,PC_IND,IND_TOTAL,IE,2007,6.99,
ESTAT:TIN00102(1.0),15/12/22 11:00:00,A,I_IUJOB,PC_IND,IND_TOTAL,IE,2008,9.40,
ESTAT:TIN00102(1.0),15/12/22 11:00:00,A,I_IUJOB,PC_IND,IND_TOTAL,IE,2009,13.58,
ESTAT:TIN00102(1.0),15/12/22 11:00:00,A,I_IUJOB,PC_IND,IND_TOTAL,IE,2010,14.47,
ESTAT:TIN00102(1.0),15/12/22 11:00:00,A,I_IUJOB,PC_IND,IND_TOTAL,IE,2011,19.58,
ESTAT:TIN00102(1.0),15/12/22 11:00:00,A,I_IUJOB,PC_IND,IND_TOTAL,IE,2013,17.05,
ESTAT:TIN00102(1.0),15/12/22 11:00:00,A,I_IUJOB,PC_IND,IND_TOTAL,IE,2015,13.91,
ESTAT:TIN00102(1.0),15/12/22 11:00:00,A,I_IUJOB,PC_IND,IND_TOTAL,IE,2017,11.63,
ESTAT:TIN00102(1.0),15/12/22 11:00:00,A,I_IUJOB,PC_IND,IND_TOTAL,IE,2019,17.46,
ESTAT:TIN00102(1.0),15/12/22 11:00:00,A,I_IUJOB,PC_IND,IND_TOTAL,IE,2021,21.43,b
ESTAT:TIN00102(1.0),15/12/22 11:00:00,A,I_IUJOB,PC_IND,IND_TOTAL,IS,2005,15.82,
ESTAT:TIN00102(1.0),15/12/22 11:00:00,A,I_IUJOB,PC_IND,IND_TOTAL,IS,2006,17.41,
ESTAT:TIN00102(1.0),15/12/22 11:00:00,A,I_IUJOB,PC_IND,IND_TOTAL,IS,2007,15.83,
ESTAT:TIN00102(1.0),15/12/22 11:00:00,A,I_IUJOB,PC_IND,IND_TOTAL,IS,2008,13.67,
ESTAT:TIN00102(1.0),15/12/22 11:00:00,A,I_IUJOB,PC_IND,IND_TOTAL,IS,2009,17.45,
ESTAT:TIN00102(1.0),15/12/22 11:00:00,A,I_IUJOB,PC_IND,IND_TOTAL,IS,2010,21.20,
ESTAT:TIN00102(1.0),15/12/22 11:00:00,A,I_IUJOB,PC_IND,IND_TOTAL,IS,2011,26.33,
ESTAT:TIN00102(1.0),15/12/22 11:00:00,A,I_IUJOB,PC_IND,IND_TOTAL,IS,2013,26.51,
ESTAT:TIN00102(1.0),15/12/22 11:00:00,A,I_IUJOB,PC_IND,IND_TOTAL,IS,2017,21.77,
ESTAT:TIN00102(1.0),15/12/22 11:00:00,A,I_IUJOB,PC_IND,IND_TOTAL,IS,2019,19.76,
ESTAT:TIN00102(1.0),15/12/22 11:00:00,A,I_IUJOB,PC_IND,IND_TOTAL,IS,2021,23.07,
ESTAT:TIN00102(1.0),15/12/22 11:00:00,A,I_IUJOB,PC_IND,IND_TOTAL,IT,2005,5.37,
ESTAT:TIN00102(1.0),15/12/22 11:00:00,A,I_IUJOB,PC_IND,IND_TOTAL,IT,2006,6.16,
ESTAT:TIN00102(1.0),15/12/22 11:00:00,A,I_IUJOB,PC_IND,IND_TOTAL,IT,2007,7.19,
ESTAT:TIN00102(1.0),15/12/22 11:00:00,A,I_IUJOB,PC_IND,IND_TOTAL,IT,2008,6.98,
ESTAT:TIN00102(1.0),15/12/22 11:00:00,A,I_IUJOB,PC_IND,IND_TOTAL,IT,2009,9.28,
ESTAT:TIN00102(1.0),15/12/22 11:00:00,A,I_IUJOB,PC_IND,IND_TOTAL,IT,2010,10.08,
ESTAT:TIN00102(1.0),15/12/22 11:00:00,A,I_IUJOB,PC_IND,IND_TOTAL,IT,2011,11.91,
ESTAT:TIN00102(1.0),15/12/22 11:00:00,A,I_IUJOB,PC_IND,IND_TOTAL,IT,2013,13.46,
ESTAT:TIN00102(1.0),15/12/22 11:00:00,A,I_IUJOB,PC_IND,IND_TOTAL,IT,2015,12.42,
ESTAT:TIN00102(1.0),15/12/22 11:00:00,A,I_IUJOB,PC_IND,IND_TOTAL,IT,2017,13.17,
ESTAT:TIN00102(1.0),15/12/22 11:00:00,A,I_IUJOB,PC_IND,IND_TOTAL,IT,2019,13.64,
ESTAT:TIN00102(1.0),15/12/22 11:00:00,A,I_IUJOB,PC_IND,IND_TOTAL,IT,2021,13.65,
ESTAT:TIN00102(1.0),15/12/22 11:00:00,A,I_IUJOB,PC_IND,IND_TOTAL,LT,2005,6.59,
ESTAT:TIN00102(1.0),15/12/22 11:00:00,A,I_IUJOB,PC_IND,IND_TOTAL,LT,2006,9.47,
ESTAT:TIN00102(1.0),15/12/22 11:00:00,A,I_IUJOB,PC_IND,IND_TOTAL,LT,2007,10.07,
ESTAT:TIN00102(1.0),15/12/22 11:00:00,A,I_IUJOB,PC_IND,IND_TOTAL,LT,2008,10.45,
ESTAT:TIN00102(1.0),15/12/22 11:00:00,A,I_IUJOB,PC_IND,IND_TOTAL,LT,2009,15.15,
ESTAT:TIN00102(1.0),15/12/22 11:00:00,A,I_IUJOB,PC_IND,IND_TOTAL,LT,2010,15.10,
ESTAT:TIN00102(1.0),15/12/22 11:00:00,A,I_IUJOB,PC_IND,IND_TOTAL,LT,2011,13.54,
ESTAT:TIN00102(1.0),15/12/22 11:00:00,A,I_IUJOB,PC_IND,IND_TOTAL,LT,2013,12.22,
ESTAT:TIN00102(1.0),15/12/22 11:00:00,A,I_IUJOB,PC_IND,IND_TOTAL,LT,2015,12.24,
ESTAT:TIN00102(1.0),15/12/22 11:00:00,A,I_IUJOB,PC_IND,IND_TOTAL,LT,2017,12.58,
ESTAT:TIN00102(1.0),15/12/22 11:00:00,A,I_IUJOB,PC_IND,IND_TOTAL,LT,2019,15.72,
ESTAT:TIN00102(1.0),15/12/22 11:00:00,A,I_IUJOB,PC_IND,IND_TOTAL,LT,2021,14.79,
ESTAT:TIN00102(1.0),15/12/22 11:00:00,A,I_IUJOB,PC_IND,IND_TOTAL,LU,2005,11.51,
ESTAT:TIN00102(1.0),15/12/22 11:00:00,A,I_IUJOB,PC_IND,IND_TOTAL,LU,2006,10.93,
ESTAT:TIN00102(1.0),15/12/22 11:00:00,A,I_IUJOB,PC_IND,IND_TOTAL,LU,2007,14.47,
ESTAT:TIN00102(1.0),15/12/22 11:00:00,A,I_IUJOB,PC_IND,IND_TOTAL,LU,2008,11.85,
ESTAT:TIN00102(1.0),15/12/22 11:00:00,A,I_IUJOB,PC_IND,IND_TOTAL,LU,2009,12.59,
ESTAT:TIN00102(1.0),15/12/22 11:00:00,A,I_IUJOB,PC_IND,IND_TOTAL,LU,2010,12.97,
ESTAT:TIN00102(1.0),15/12/22 11:00:00,A,I_IUJOB,PC_IND,IND_TOTAL,LU,2011,14.56,
ESTAT:TIN00102(1.0),15/12/22 11:00:00,A,I_IUJOB,PC_IND,IND_TOTAL,LU,2013,18.44,
ESTAT:TIN00102(1.0),15/12/22 11:00:00,A,I_IUJOB,PC_IND,IND_TOTAL,LU,2015,19.59,
ESTAT:TIN00102(1.0),15/12/22 11:00:00,A,I_IUJOB,PC_IND,IND_TOTAL,LU,2017,18.76,
ESTAT:TIN00102(1.0),15/12/22 11:00:00,A,I_IUJOB,PC_IND,IND_TOTAL,LU,2019,20.02,b
ESTAT:TIN00102(1.0),15/12/22 11:00:00,A,I_IUJOB,PC_IND,IND_TOTAL,LU,2021,15.22,
ESTAT:TIN00102(1.0),15/12/22 11:00:00,A,I_IUJOB,PC_IND,IND_TOTAL,LV,2005,9.65,
ESTAT:TIN00102(1.0),15/12/22 11:00:00,A,I_IUJOB,PC_IND,IND_TOTAL,LV,2006,11.32,
ESTAT:TIN00102(1.0),15/12/22 11:00:00,A,I_IUJOB,PC_IND,IND_TOTAL,LV,2007,9.49,
ESTAT:TIN00102(1.0),15/12/22 11:00:00,A,I_IUJOB,PC_IND,IND_TOTAL,LV,2008,15.95,
ESTAT:TIN00102(1.0),15/12/22 11:00:00,A,I_IUJOB,PC_IND,IND_TOTAL,LV,2009,24.52,
ESTAT:TIN00102(1.0),15/12/22 11:00:00,A,I_IUJOB,PC_IND,IND_TOTAL,LV,2010,24.88,
ESTAT:TIN00102(1.0),15/12/22 11:00:00,A,I_IUJOB,PC_IND,IND_TOTAL,LV,2011,27.05,
ESTAT:TIN00102(1.0),15/12/22 11:00:00,A,I_IUJOB,PC_IND,IND_TOTAL,LV,2013,16.97,
ESTAT:TIN00102(1.0),15/12/22 11:00:00,A,I_IUJOB,PC_IND,IND_TOTAL,LV,2015,15.15,
ESTAT:TIN00102(1.0),15/12/22 11:00:00,A,I_IUJOB,PC_IND,IND_TOTAL,LV,2017,16.03,
ESTAT:TIN00102(1.0),15/12/22 11:00:00,A,I_IUJOB,PC_IND,IND_TOTAL,LV,2019,13.88,
ESTAT:TIN00102(1.0),15/12/22 11:00:00,A,I_IUJOB,PC_IND,IND_TOTAL,LV,2021,12.30,
ESTAT:TIN00102(1.0),15/12/22 11:00:00,A,I_IUJOB,PC_IND,IND_TOTAL,ME,2017,12.06,
ESTAT:TIN00102(1.0),15/12/22 11:00:00,A,I_IUJOB,PC_IND,IND_TOTAL,ME,2019,10.01,
ESTAT:TIN00102(1.0),15/12/22 11:00:00,A,I_IUJOB,PC_IND,IND_TOTAL,ME,2021,14.71,
ESTAT:TIN00102(1.0),15/12/22 11:00:00,A,I_IUJOB,PC_IND,IND_TOTAL,MK,2006,2.44,
ESTAT:TIN00102(1.0),15/12/22 11:00:00,A,I_IUJOB,PC_IND,IND_TOTAL,MK,2008,6.71,
ESTAT:TIN00102(1.0),15/12/22 11:00:00,A,I_IUJOB,PC_IND,IND_TOTAL,MK,2009,9.04,
ESTAT:TIN00102(1.0),15/12/22 11:00:00,A,I_IUJOB,PC_IND,IND_TOTAL,MK,2010,10.79,
ESTAT:TIN00102(1.0),15/12/22 11:00:00,A,I_IUJOB,PC_IND,IND_TOTAL,MK,2013,15.76,
ESTAT:TIN00102(1.0),15/12/22 11:00:00,A,I_IUJOB,PC_IND,IND_TOTAL,MK,2015,14.71,
ESTAT:TIN00102(1.0),15/12/22 11:00:00,A,I_IUJOB,PC_IND,IND_TOTAL,MK,2017,8.79,
ESTAT:TIN00102(1.0),15/12/22 11:00:00,A,I_IUJOB,PC_IND,IND_TOTAL,MK,2019,8.63,
ESTAT:TIN00102(1.0),15/12/22 11:00:00,A,I_IUJOB,PC_IND,IND_TOTAL,MK,2021,6.94,
ESTAT:TIN00102(1.0),15/12/22 11:00:00,A,I_IUJOB,PC_IND,IND_TOTAL,MT,2005,5.02,
ESTAT:TIN00102(1.0),15/12/22 11:00:00,A,I_IUJOB,PC_IND,IND_TOTAL,MT,2006,7.54,
ESTAT:TIN00102(1.0),15/12/22 11:00:00,A,I_IUJOB,PC_IND,IND_TOTAL,MT,2007,10.25,
ESTAT:TIN00102(1.0),15/12/22 11:00:00,A,I_IUJOB,PC_IND,IND_TOTAL,MT,2008,10.28,
ESTAT:TIN00102(1.0),15/12/22 11:00:00,A,I_IUJOB,PC_IND,IND_TOTAL,MT,2009,14.41,
ESTAT:TIN00102(1.0),15/12/22 11:00:00,A,I_IUJOB,PC_IND,IND_TOTAL,MT,2010,14.60,
ESTAT:TIN00102(1.0),15/12/22 11:00:00,A,I_IUJOB,PC_IND,IND_TOTAL,MT,2011,19.95,
ESTAT:TIN00102(1.0),15/12/22 11:00:00,A,I_IUJOB,PC_IND,IND_TOTAL,MT,2013,20.09,
ESTAT:TIN00102(1.0),15/12/22 11:00:00,A,I_IUJOB,PC_IND,IND_TOTAL,MT,2015,23.05,
ESTAT:TIN00102(1.0),15/12/22 11:00:00,A,I_IUJOB,PC_IND,IND_TOTAL,MT,2017,21.29,
ESTAT:TIN00102(1.0),15/12/22 11:00:00,A,I_IUJOB,PC_IND,IND_TOTAL,MT,2019,18.17,
ESTAT:TIN00102(1.0),15/12/22 11:00:00,A,I_IUJOB,PC_IND,IND_TOTAL,MT,2021,14.56,
ESTAT:TIN00102(1.0),15/12/22 11:00:00,A,I_IUJOB,PC_IND,IND_TOTAL,NL,2005,16.45,
ESTAT:TIN00102(1.0),15/12/22 11:00:00,A,I_IUJOB,PC_IND,IND_TOTAL,NL,2006,18.53,
ESTAT:TIN00102(1.0),15/12/22 11:00:00,A,I_IUJOB,PC_IND,IND_TOTAL,NL,2007,18.75,
ESTAT:TIN00102(1.0),15/12/22 11:00:00,A,I_IUJOB,PC_IND,IND_TOTAL,NL,2008,16.59,
ESTAT:TIN00102(1.0),15/12/22 11:00:00,A,I_IUJOB,PC_IND,IND_TOTAL,NL,2009,17.08,
ESTAT:TIN00102(1.0),15/12/22 11:00:00,A,I_IUJOB,PC_IND,IND_TOTAL,NL,2010,18.92,
ESTAT:TIN00102(1.0),15/12/22 11:00:00,A,I_IUJOB,PC_IND,IND_TOTAL,NL,2011,18.64,
ESTAT:TIN00102(1.0),15/12/22 11:00:00,A,I_IUJOB,PC_IND,IND_TOTAL,NL,2013,20.52,
ESTAT:TIN00102(1.0),15/12/22 11:00:00,A,I_IUJOB,PC_IND,IND_TOTAL,NL,2015,24.12,
ESTAT:TIN00102(1.0),15/12/22 11:00:00,A,I_IUJOB,PC_IND,IND_TOTAL,NL,2017,24.63,
ESTAT:TIN00102(1.0),15/12/22 11:00:00,A,I_IUJOB,PC_IND,IND_TOTAL,NL,2019,25.14,
ESTAT:TIN00102(1.0),15/12/22 11:00:00,A,I_IUJOB,PC_IND,IND_TOTAL,NL,2021,22.25,
ESTAT:TIN00102(1.0),15/12/22 11:00:00,A,I_IUJOB,PC_IND,IND_TOTAL,NO,2005,18.28,
ESTAT:TIN00102(1.0),15/12/22 11:00:00,A,I_IUJOB,PC_IND,IND_TOTAL,NO,2006,21.86,
ESTAT:TIN00102(1.0),15/12/22 11:00:00,A,I_IUJOB,PC_IND,IND_TOTAL,NO,2007,22.16,
ESTAT:TIN00102(1.0),15/12/22 11:00:00,A,I_IUJOB,PC_IND,IND_TOTAL,NO,2008,22.38,
ESTAT:TIN00102(1.0),15/12/22 11:00:00,A,I_IUJOB,PC_IND,IND_TOTAL,NO,2009,22.14,
ESTAT:TIN00102(1.0),15/12/22 11:00:00,A,I_IUJOB,PC_IND,IND_TOTAL,NO,2010,21.89,
ESTAT:TIN00102(1.0),15/12/22 11:00:00,A,I_IUJOB,PC_IND,IND_TOTAL,NO,2011,29.60,
ESTAT:TIN00102(1.0),15/12/22 11:00:00,A,I_IUJOB,PC_IND,IND_TOTAL,NO,2013,26.77,
ESTAT:TIN00102(1.0),15/12/22 11:00:00,A,I_IUJOB,PC_IND,IND_TOTAL,NO,2015,28.92,
ESTAT:TIN00102(1.0),15/12/22 11:00:00,A,I_IUJOB,PC_IND,IND_TOTAL,NO,2017,25.81,
ESTAT:TIN00102(1.0),15/12/22 11:00:00,A,I_IUJOB,PC_IND,IND_TOTAL,NO,2019,26.23,
ESTAT:TIN00102(1.0),15/12/22 11:00:00,A,I_IUJOB,PC_IND,IND_TOTAL,NO,2021,29.53,
ESTAT:TIN00102(1.0),15/12/22 11:00:00,A,I_IUJOB,PC_IND,IND_TOTAL,PL,2005,4.63,
ESTAT:TIN00102(1.0),15/12/22 11:00:00,A,I_IUJOB,PC_IND,IND_TOTAL,PL,2006,7.19,
ESTAT:TIN00102(1.0),15/12/22 11:00:00,A,I_IUJOB,PC_IND,IND_TOTAL,PL,2007,7.18,
ESTAT:TIN00102(1.0),15/12/22 11:00:00,A,I_IUJOB,PC_IND,IND_TOTAL,PL,2008,8.16,
ESTAT:TIN00102(1.0),15/12/22 11:00:00,A,I_IUJOB,PC_IND,IND_TOTAL,PL,2009,9.05,
ESTAT:TIN00102(1.0),15/12/22 11:00:00,A,I_IUJOB,PC_IND,IND_TOTAL,PL,2010,10.41,
ESTAT:TIN00102(1.0),15/12/22 11:00:00,A,I_IUJOB,PC_IND,IND_TOTAL,PL,2011,11.49,
ESTAT:TIN00102(1.0),15/12/22 11:00:00,A,I_IUJOB,PC_IND,IND_TOTAL,PL,2013,11.22,
ESTAT:TIN00102(1.0),15/12/22 11:00:00,A,I_IUJOB,PC_IND,IND_TOTAL,PL,2015,9.87,
ESTAT:TIN00102(1.0),15/12/22 11:00:00,A,I_IUJOB,PC_IND,IND_TOTAL,PL,2017,11.63,
ESTAT:TIN00102(1.0),15/12/22 11:00:00,A,I_IUJOB,PC_IND,IND_TOTAL,PL,2019,8.78,
ESTAT:TIN00102(1.0),15/12/22 11:00:00,A,I_IUJOB,PC_IND,IND_TOTAL,PL,2021,5.96,
ESTAT:TIN00102(1.0),15/12/22 11:00:00,A,I_IUJOB,PC_IND,IND_TOTAL,PT,2005,3.96,
ESTAT:TIN00102(1.0),15/12/22 11:00:00,A,I_IUJOB,PC_IND,IND_TOTAL,PT,2006,5.10,
ESTAT:TIN00102(1.0),15/12/22 11:00:00,A,I_IUJOB,PC_IND,IND_TOTAL,PT,2007,6.49,
ESTAT:TIN00102(1.0),15/12/22 11:00:00,A,I_IUJOB,PC_IND,IND_TOTAL,PT,2008,8.05,
ESTAT:TIN00102(1.0),15/12/22 11:00:00,A,I_IUJOB,PC_IND,IND_TOTAL,PT,2009,10.11,
ESTAT:TIN00102(1.0),15/12/22 11:00:00,A,I_IUJOB,PC_IND,IND_TOTAL,PT,2010,10.09,
ESTAT:TIN00102(1.0),15/12/22 11:00:00,A,I_IUJOB,PC_IND,IND_TOTAL,PT,2011,11.04,
ESTAT:TIN00102(1.0),15/12/22 11:00:00,A,I_IUJOB,PC_IND,IND_TOTAL,PT,2013,14.38,
ESTAT:TIN00102(1.0),15/12/22 11:00:00,A,I_IUJOB,PC_IND,IND_TOTAL,PT,2015,14.37,
ESTAT:TIN00102(1.0),15/12/22 11:00:00,A,I_IUJOB,PC_IND,IND_TOTAL,PT,2017,14.47,
ESTAT:TIN00102(1.0),15/12/22 11:00:00,A,I_IUJOB,PC_IND,IND_TOTAL,PT,2019,14.73,
ESTAT:TIN00102(1.0),15/12/22 11:00:00,A,I_IUJOB,PC_IND,IND_TOTAL,PT,2021,14.85,
ESTAT:TIN00102(1.0),15/12/22 11:00:00,A,I_IUJOB,PC_IND,IND_TOTAL,RO,2006,2.58,
ESTAT:TIN00102(1.0),15/12/22 11:00:00,A,I_IUJOB,PC_IND,IND_TOTAL,RO,2007,2.69,
ESTAT:TIN00102(1.0),15/12/22 11:00:00,A,I_IUJOB,PC_IND,IND_TOTAL,RO,2008,2.75,
ESTAT:TIN00102(1.0),15/12/22 11:00:00,A,I_IUJOB,PC_IND,IND_TOTAL,RO,2009,4.72,
ESTAT:TIN00102(1.0),15/12/22 11:00:00,A,I_IUJOB,PC_IND,IND_TOTAL,RO,2010,6.71,
ESTAT:TIN00102(1.0),15/12/22 11:00:00,A,I_IUJOB,PC_IND,IND_TOTAL,RO,2011,8.84,
ESTAT:TIN00102(1.0),15/12/22 11:00:00,A,I_IUJOB,PC_IND,IND_TOTAL,RO,2013,7.61,
ESTAT:TIN00102(1.0),15/12/22 11:00:00,A,I_IUJOB,PC_IND,IND_TOTAL,RO,2015,6.45,
ESTAT:TIN00102(1.0),15/12/22 11:00:00,A,I_IUJOB,PC_IND,IND_TOTAL,RO,2017,8.32,
ESTAT:TIN00102(1.0),15/12/22 11:00:00,A,I_IUJOB,PC_IND,IND_TOTAL,RO,2019,4.79,
ESTAT:TIN00102(1.0),15/12/22 11:00:00,A,I_IUJOB,PC_IND,IND_TOTAL,RO,2021,5.04,
ESTAT:TIN00102(1.0),15/12/22 11:00:00,A,I_IUJOB,PC_IND,IND_TOTAL,RS,2007,4.59,
ESTAT:TIN00102(1.0),15/12/22 11:00:00,A,I_IUJOB,PC_IND,IND_TOTAL,RS,2009,5.99,
ESTAT:TIN00102(1.0),15/12/22 11:00:00,A,I_IUJOB,PC_IND,IND_TOTAL,RS,2015,12.41,
ESTAT:TIN00102(1.0),15/12/22 11:00:00,A,I_IUJOB,PC_IND,IND_TOTAL,RS,2017,14.31,
ESTAT:TIN00102(1.0),15/12/22 11:00:00,A,I_IUJOB,PC_IND,IND_TOTAL,RS,2019,14.33,
ESTAT:TIN00102(1.0),15/12/22 11:00:00,A,I_IUJOB,PC_IND,IND_TOTAL,RS,2021,11.43,
ESTAT:TIN00102(1.0),15/12/22 11:00:00,A,I_IUJOB,PC_IND,IND_TOTAL,SE,2005,22.53,
ESTAT:TIN00102(1.0),15/12/22 11:00:00,A,I_IUJOB,PC_IND,IND_TOTAL,SE,2006,24.36,
ESTAT:TIN00102(1.0),15/12/22 11:00:00,A,I_IUJOB,PC_IND,IND_TOTAL,SE,2007,18.12,
ESTAT:TIN00102(1.0),15/12/22 11:00:00,A,I_IUJOB,PC_IND,IND_TOTAL,SE,2008,21.81,
ESTAT:TIN00102(1.0),15/12/22 11:00:00,A,I_IUJOB,PC_IND,IND_TOTAL,SE,2009,22.15,
ESTAT:TIN00102(1.0),15/12/22 11:00:00,A,I_IUJOB,PC_IND,IND_TOTAL,SE,2010,25.21,
ESTAT:TIN00102(1.0),15/12/22 11:00:00,A,I_IUJOB,PC_IND,IND_TOTAL,SE,2011,25.92,
ESTAT:TIN00102(1.0),15/12/22 11:00:00,A,I_IUJOB,PC_IND,IND_TOTAL,SE,2013,28.84,
ESTAT:TIN00102(1.0),15/12/22 11:00:00,A,I_IUJOB,PC_IND,IND_TOTAL,SE,2015,26.24,
ESTAT:TIN00102(1.0),15/12/22 11:00:00,A,I_IUJOB,PC_IND,IND_TOTAL,SE,2017,27.48,
ESTAT:TIN00102(1.0),15/12/22 11:00:00,A,I_IUJOB,PC_IND,IND_TOTAL,SE,2019,30.47,
ESTAT:TIN00102(1.0),15/12/22 11:00:00,A,I_IUJOB,PC_IND,IND_TOTAL,SE,2021,27.69,
ESTAT:TIN00102(1.0),15/12/22 11:00:00,A,I_IUJOB,PC_IND,IND_TOTAL,SI,2005,6.80,
ESTAT:TIN00102(1.0),15/12/22 11:00:00,A,I_IUJOB,PC_IND,IND_TOTAL,SI,2006,9.27,
ESTAT:TIN00102(1.0),15/12/22 11:00:00,A,I_IUJOB,PC_IND,IND_TOTAL,SI,2007,11.39,
ESTAT:TIN00102(1.0),15/12/22 11:00:00,A,I_IUJOB,PC_IND,IND_TOTAL,SI,2008,9.74,
ESTAT:TIN00102(1.0),15/12/22 11:00:00,A,I_IUJOB,PC_IND,IND_TOTAL,SI,2009,12.24,
ESTAT:TIN00102(1.0),15/12/22 11:00:00,A,I_IUJOB,PC_IND,IND_TOTAL,SI,2010,13.90,
ESTAT:TIN00102(1.0),15/12/22 11:00:00,A,I_IUJOB,PC_IND,IND_TOTAL,SI,2011,13.76,
ESTAT:TIN00102(1.0),15/12/22 11:00:00,A,I_IUJOB,PC_IND,IND_TOTAL,SI,2013,15.81,
ESTAT:TIN00102(1.0),15/12/22 11:00:00,A,I_IUJOB,PC_IND,IND_TOTAL,SI,2015,13.01,
ESTAT:TIN00102(1.0),15/12/22 11:00:00,A,I_IUJOB,PC_IND,IND_TOTAL,SI,2017,13.20,
ESTAT:TIN00102(1.0),15/12/22 11:00:00,A,I_IUJOB,PC_IND,IND_TOTAL,SI,2019,13.41,
ESTAT:TIN00102(1.0),15/12/22 11:00:00,A,I_IUJOB,PC_IND,IND_TOTAL,SI,2021,12.44,
ESTAT:TIN00102(1.0),15/12/22 11:00:00,A,I_IUJOB,PC_IND,IND_TOTAL,SK,2005,10.83,
ESTAT:TIN00102(1.0),15/12/22 11:00:00,A,I_IUJOB,PC_IND,IND_TOTAL,SK,2006,10.38,
ESTAT:TIN00102(1.0),15/12/22 11:00:00,A,I_IUJOB,PC_IND,IND_TOTAL,SK,2007,11.06,
ESTAT:TIN00102(1.0),15/12/22 11:00:00,A,I_IUJOB,PC_IND,IND_TOTAL,SK,2008,12.95,
ESTAT:TIN00102(1.0),15/12/22 11:00:00,A,I_IUJOB,PC_IND,IND_TOTAL,SK,2009,16.24,
ESTAT:TIN00102(1.0),15/12/22 11:00:00,A,I_IUJOB,PC_IND,IND_TOTAL,SK,2010,16.44,
ESTAT:TIN00102(1.0),15/12/22 11:00:00,A,I_IUJOB,PC_IND,IND_TOTAL,SK,2011,17.73,
ESTAT:TIN00102(1.0),15/12/22 11:00:00,A,I_IUJOB,PC_IND,IND_TOTAL,SK,2013,13.11,
ESTAT:TIN00102(1.0),15/12/22 11:00:00,A,I_IUJOB,PC_IND,IND_TOTAL,SK,2015,10.27,
ESTAT:TIN00102(1.0),15/12/22 11:00:00,A,I_IUJOB,PC_IND,IND_TOTAL,SK,2017,16.39,
ESTAT:TIN00102(1.0),15/12/22 11:00:00,A,I_IUJOB,PC_IND,IND_TOTAL,SK,2019,14.61,
ESTAT:TIN00102(1.0),15/12/22 11:00:00,A,I_IUJOB,PC_IND,IND_TOTAL,SK,2021,15.28,
ESTAT:TIN00102(1.0),15/12/22 11:00:00,A,I_IUJOB,PC_IND,IND_TOTAL,TR,2005,1.47,
ESTAT:TIN00102(1.0),15/12/22 11:00:00,A,I_IUJOB,PC_IND,IND_TOTAL,TR,2007,3.58,
ESTAT:TIN00102(1.0),15/12/22 11:00:00,A,I_IUJOB,PC_IND,IND_TOTAL,TR,2008,3.89,
ESTAT:TIN00102(1.0),15/12/22 11:00:00,A,I_IUJOB,PC_IND,IND_TOTAL,TR,2009,4.50,
ESTAT:TIN00102(1.0),15/12/22 11:00:00,A,I_IUJOB,PC_IND,IND_TOTAL,TR,2010,3.84,
ESTAT:TIN00102(1.0),15/12/22 11:00:00,A,I_IUJOB,PC_IND,IND_TOTAL,TR,2013,5.56,
ESTAT:TIN00102(1.0),15/12/22 11:00:00,A,I_IUJOB,PC_IND,IND_TOTAL,TR,2015,5.17,
ESTAT:TIN00102(1.0),15/12/22 11:00:00,A,I_IUJOB,PC_IND,IND_TOTAL,TR,2017,6.20,
ESTAT:TIN00102(1.0),15/12/22 11:00:00,A,I_IUJOB,PC_IND,IND_TOTAL,TR,2019,7.86,
ESTAT:TIN00102(1.0),15/12/22 11:00:00,A,I_IUJOB,PC_IND,IND_TOTAL,TR,2021,8.97,
ESTAT:TIN00102(1.0),15/12/22 11:00:00,A,I_IUJOB,PC_IND,IND_TOTAL,UK,2005,15.63,
ESTAT:TIN00102(1.0),15/12/22 11:00:00,A,I_IUJOB,PC_IND,IND_TOTAL,UK,2006,16.07,
ESTAT:TIN00102(1.0),15/12/22 11:00:00,A,I_IUJOB,PC_IND,IND_TOTAL,UK,2007,15.43,
ESTAT:TIN00102(1.0),15/12/22 11:00:00,A,I_IUJOB,PC_IND,IND_TOTAL,UK,2008,19.76,
ESTAT:TIN00102(1.0),15/12/22 11:00:00,A,I_IUJOB,PC_IND,IND_TOTAL,UK,2009,24.98,
ESTAT:TIN00102(1.0),15/12/22 11:00:00,A,I_IUJOB,PC_IND,IND_TOTAL,UK,2010,22.13,
ESTAT:TIN00102(1.0),15/12/22 11:00:00,A,I_IUJOB,PC_IND,IND_TOTAL,UK,2011,26.17,
ESTAT:TIN00102(1.0),15/12/22 11:00:00,A,I_IUJOB,PC_IND,IND_TOTAL,UK,2013,25.88,
ESTAT:TIN00102(1.0),15/12/22 11:00:00,A,I_IUJOB,PC_IND,IND_TOTAL,UK,2015,25.54,
ESTAT:TIN00102(1.0),15/12/22 11:00:00,A,I_IUJOB,PC_IND,IND_TOTAL,UK,2017,23.58,
ESTAT:TIN00102(1.0),15/12/22 11:00:00,A,I_IUJOB,PC_IND,IND_TOTAL,UK,2019,24.64,
ESTAT:TIN00102(1.0),15/12/22 11:00:00,A,I_IUJOB,PC_IND,IND_TOTAL,XK,2017,10.73,
ESTAT:TIN00102(1.0),15/12/22 11:00:00,A,I_IUJOB,PC_IND,IND_TOTAL,XK,2019,15.30,
