,Country names,DATAFLOW,LAST UPDATE,freq,indic_is,unit,ind_type,geo,TIME_PERIOD,OBS_VALUE,OBS_FLAG
0,Albania,ESTAT:TIN00102(1.0),15/12/22 11:00:00,A,I_IUJOB,PC_IND,IND_TOTAL,AL,2019,9.7,
1,Albania,ESTAT:TIN00102(1.0),15/12/22 11:00:00,A,I_IUJOB,PC_IND,IND_TOTAL,AL,2021,4.91,
2,Austria,ESTAT:TIN00102(1.0),15/12/22 11:00:00,A,I_IUJOB,PC_IND,IND_TOTAL,AT,2005,6.22,
3,Austria,ESTAT:TIN00102(1.0),15/12/22 11:00:00,A,I_IUJOB,PC_IND,IND_TOTAL,AT,2006,8.58,
4,Austria,ESTAT:TIN00102(1.0),15/12/22 11:00:00,A,I_IUJOB,PC_IND,IND_TOTAL,AT,2007,8.01,
5,Austria,ESTAT:TIN00102(1.0),15/12/22 11:00:00,A,I_IUJOB,PC_IND,IND_TOTAL,AT,2008,8.99,
6,Austria,ESTAT:TIN00102(1.0),15/12/22 11:00:00,A,I_IUJOB,PC_IND,IND_TOTAL,AT,2009,10.38,
7,Austria,ESTAT:TIN00102(1.0),15/12/22 11:00:00,A,I_IUJOB,PC_IND,IND_TOTAL,AT,2010,10.8,
8,Austria,ESTAT:TIN00102(1.0),15/12/22 11:00:00,A,I_IUJOB,PC_IND,IND_TOTAL,AT,2011,20.52,
9,Austria,ESTAT:TIN00102(1.0),15/12/22 11:00:00,A,I_IUJOB,PC_IND,IND_TOTAL,AT,2013,18.32,
10,Austria,ESTAT:TIN00102(1.0),15/12/22 11:00:00,A,I_IUJOB,PC_IND,IND_TOTAL,AT,2015,12.76,
11,Austria,ESTAT:TIN00102(1.0),15/12/22 11:00:00,A,I_IUJOB,PC_IND,IND_TOTAL,AT,2017,11.77,
12,Austria,ESTAT:TIN00102(1.0),15/12/22 11:00:00,A,I_IUJOB,PC_IND,IND_TOTAL,AT,2019,11.47,
13,Austria,ESTAT:TIN00102(1.0),15/12/22 11:00:00,A,I_IUJOB,PC_IND,IND_TOTAL,AT,2021,12.38,
14,Bosnia and Herzegovina,ESTAT:TIN00102(1.0),15/12/22 11:00:00,A,I_IUJOB,PC_IND,IND_TOTAL,BA,2019,4.16,
15,Bosnia and Herzegovina,ESTAT:TIN00102(1.0),15/12/22 11:00:00,A,I_IUJOB,PC_IND,IND_TOTAL,BA,2021,4.43,
16,Belgium,ESTAT:TIN00102(1.0),15/12/22 11:00:00,A,I_IUJOB,PC_IND,IND_TOTAL,BE,2005,7.86,
17,Belgium,ESTAT:TIN00102(1.0),15/12/22 11:00:00,A,I_IUJOB,PC_IND,IND_TOTAL,BE,2006,9.03,
18,Belgium,ESTAT:TIN00102(1.0),15/12/22 11:00:00,A,I_IUJOB,PC_IND,IND_TOTAL,BE,2007,7.9,
19,Belgium,ESTAT:TIN00102(1.0),15/12/22 11:00:00,A,I_IUJOB,PC_IND,IND_TOTAL,BE,2008,8.15,
20,Belgium,ESTAT:TIN00102(1.0),15/12/22 11:00:00,A,I_IUJOB,PC_IND,IND_TOTAL,BE,2009,13.49,
21,Belgium,ESTAT:TIN00102(1.0),15/12/22 11:00:00,A,I_IUJOB,PC_IND,IND_TOTAL,BE,2010,12.89,
22,Belgium,ESTAT:TIN00102(1.0),15/12/22 11:00:00,A,I_IUJOB,PC_IND,IND_TOTAL,BE,2011,14.16,
23,Belgium,ESTAT:TIN00102(1.0),15/12/22 11:00:00,A,I_IUJOB,PC_IND,IND_TOTAL,BE,2013,14.54,
24,Belgium,ESTAT:TIN00102(1.0),15/12/22 11:00:00,A,I_IUJOB,PC_IND,IND_TOTAL,BE,2015,18.24,
25,Belgium,ESTAT:TIN00102(1.0),15/12/22 11:00:00,A,I_IUJOB,PC_IND,IND_TOTAL,BE,2017,15.2,
26,Belgium,ESTAT:TIN00102(1.0),15/12/22 11:00:00,A,I_IUJOB,PC_IND,IND_TOTAL,BE,2019,12.21,
27,Belgium,ESTAT:TIN00102(1.0),15/12/22 11:00:00,A,I_IUJOB,PC_IND,IND_TOTAL,BE,2021,14.37,
28,Bulgaria,ESTAT:TIN00102(1.0),15/12/22 11:00:00,A,I_IUJOB,PC_IND,IND_TOTAL,BG,2006,4.43,
29,Bulgaria,ESTAT:TIN00102(1.0),15/12/22 11:00:00,A,I_IUJOB,PC_IND,IND_TOTAL,BG,2007,5.09,
30,Bulgaria,ESTAT:TIN00102(1.0),15/12/22 11:00:00,A,I_IUJOB,PC_IND,IND_TOTAL,BG,2008,6.55,
31,Bulgaria,ESTAT:TIN00102(1.0),15/12/22 11:00:00,A,I_IUJOB,PC_IND,IND_TOTAL,BG,2009,8.71,
32,Bulgaria,ESTAT:TIN00102(1.0),15/12/22 11:00:00,A,I_IUJOB,PC_IND,IND_TOTAL,BG,2010,9.38,
33,Bulgaria,ESTAT:TIN00102(1.0),15/12/22 11:00:00,A,I_IUJOB,PC_IND,IND_TOTAL,BG,2011,11.72,
34,Bulgaria,ESTAT:TIN00102(1.0),15/12/22 11:00:00,A,I_IUJOB,PC_IND,IND_TOTAL,BG,2013,9.86,
35,Bulgaria,ESTAT:TIN00102(1.0),15/12/22 11:00:00,A,I_IUJOB,PC_IND,IND_TOTAL,BG,2015,10.77,
36,Bulgaria,ESTAT:TIN00102(1.0),15/12/22 11:00:00,A,I_IUJOB,PC_IND,IND_TOTAL,BG,2017,6.6,
37,Bulgaria,ESTAT:TIN00102(1.0),15/12/22 11:00:00,A,I_IUJOB,PC_IND,IND_TOTAL,BG,2019,7.18,
38,Bulgaria,ESTAT:TIN00102(1.0),15/12/22 11:00:00,A,I_IUJOB,PC_IND,IND_TOTAL,BG,2021,6.66,
39,Switzerland,ESTAT:TIN00102(1.0),15/12/22 11:00:00,A,I_IUJOB,PC_IND,IND_TOTAL,CH,2017,26.58,b
40,Switzerland,ESTAT:TIN00102(1.0),15/12/22 11:00:00,A,I_IUJOB,PC_IND,IND_TOTAL,CH,2019,25.78,
41,Switzerland,ESTAT:TIN00102(1.0),15/12/22 11:00:00,A,I_IUJOB,PC_IND,IND_TOTAL,CH,2021,24.06,
42,Cyprus,ESTAT:TIN00102(1.0),15/12/22 11:00:00,A,I_IUJOB,PC_IND,IND_TOTAL,CY,2005,2.53,
43,Cyprus,ESTAT:TIN00102(1.0),15/12/22 11:00:00,A,I_IUJOB,PC_IND,IND_TOTAL,CY,2006,4.51,
44,Cyprus,ESTAT:TIN00102(1.0),15/12/22 11:00:00,A,I_IUJOB,PC_IND,IND_TOTAL,CY,2007,4.64,
45,Cyprus,ESTAT:TIN00102(1.0),15/12/22 11:00:00,A,I_IUJOB,PC_IND,IND_TOTAL,CY,2008,3.69,
46,Cyprus,ESTAT:TIN00102(1.0),15/12/22 11:00:00,A,I_IUJOB,PC_IND,IND_TOTAL,CY,2009,5.31,
47,Cyprus,ESTAT:TIN00102(1.0),15/12/22 11:00:00,A,I_IUJOB,PC_IND,IND_TOTAL,CY,2010,5.73,
48,Cyprus,ESTAT:TIN00102(1.0),15/12/22 11:00:00,A,I_IUJOB,PC_IND,IND_TOTAL,CY,2011,7.01,
49,Cyprus,ESTAT:TIN00102(1.0),15/12/22 11:00:00,A,I_IUJOB,PC_IND,IND_TOTAL,CY,2013,11.36,
50,Cyprus,ESTAT:TIN00102(1.0),15/12/22 11:00:00,A,I_IUJOB,PC_IND,IND_TOTAL,CY,2015,13.3,
51,Cyprus,ESTAT:TIN00102(1.0),15/12/22 11:00:00,A,I_IUJOB,PC_IND,IND_TOTAL,CY,2017,13.46,
52,Cyprus,ESTAT:TIN00102(1.0),15/12/22 11:00:00,A,I_IUJOB,PC_IND,IND_TOTAL,CY,2019,13.97,
53,Cyprus,ESTAT:TIN00102(1.0),15/12/22 11:00:00,A,I_IUJOB,PC_IND,IND_TOTAL,CY,2021,9.42,
54,Czechia,ESTAT:TIN00102(1.0),15/12/22 11:00:00,A,I_IUJOB,PC_IND,IND_TOTAL,CZ,2005,2.38,
55,Czechia,ESTAT:TIN00102(1.0),15/12/22 11:00:00,A,I_IUJOB,PC_IND,IND_TOTAL,CZ,2006,4.34,
56,Czechia,ESTAT:TIN00102(1.0),15/12/22 11:00:00,A,I_IUJOB,PC_IND,IND_TOTAL,CZ,2007,3.79,
57,Czechia,ESTAT:TIN00102(1.0),15/12/22 11:00:00,A,I_IUJOB,PC_IND,IND_TOTAL,CZ,2008,4.79,
58,Czechia,ESTAT:TIN00102(1.0),15/12/22 11:00:00,A,I_IUJOB,PC_IND,IND_TOTAL,CZ,2009,7.93,
59,Czechia,ESTAT:TIN00102(1.0),15/12/22 11:00:00,A,I_IUJOB,PC_IND,IND_TOTAL,CZ,2010,7.76,
60,Czechia,ESTAT:TIN00102(1.0),15/12/22 11:00:00,A,I_IUJOB,PC_IND,IND_TOTAL,CZ,2011,7.27,
61,Czechia,ESTAT:TIN00102(1.0),15/12/22 11:00:00,A,I_IUJOB,PC_IND,IND_TOTAL,CZ,2013,5.77,
62,Czechia,ESTAT:TIN00102(1.0),15/12/22 11:00:00,A,I_IUJOB,PC_IND,IND_TOTAL,CZ,2015,5.24,
63,Czechia,ESTAT:TIN00102(1.0),15/12/22 11:00:00,A,I_IUJOB,PC_IND,IND_TOTAL,CZ,2017,5.4,
64,Czechia,ESTAT:TIN00102(1.0),15/12/22 11:00:00,A,I_IUJOB,PC_IND,IND_TOTAL,CZ,2019,6.09,
65,Czechia,ESTAT:TIN00102(1.0),15/12/22 11:00:00,A,I_IUJOB,PC_IND,IND_TOTAL,CZ,2021,6.41,
66,Germany,ESTAT:TIN00102(1.0),15/12/22 11:00:00,A,I_IUJOB,PC_IND,IND_TOTAL,DE,2005,,u
67,Germany,ESTAT:TIN00102(1.0),15/12/22 11:00:00,A,I_IUJOB,PC_IND,IND_TOTAL,DE,2006,16.85,
68,Germany,ESTAT:TIN00102(1.0),15/12/22 11:00:00,A,I_IUJOB,PC_IND,IND_TOTAL,DE,2007,16.97,
69,Germany,ESTAT:TIN00102(1.0),15/12/22 11:00:00,A,I_IUJOB,PC_IND,IND_TOTAL,DE,2008,16.01,
70,Germany,ESTAT:TIN00102(1.0),15/12/22 11:00:00,A,I_IUJOB,PC_IND,IND_TOTAL,DE,2009,17.83,
71,Germany,ESTAT:TIN00102(1.0),15/12/22 11:00:00,A,I_IUJOB,PC_IND,IND_TOTAL,DE,2010,16.56,
72,Germany,ESTAT:TIN00102(1.0),15/12/22 11:00:00,A,I_IUJOB,PC_IND,IND_TOTAL,DE,2011,18.18,
73,Germany,ESTAT:TIN00102(1.0),15/12/22 11:00:00,A,I_IUJOB,PC_IND,IND_TOTAL,DE,2013,18.07,
74,Germany,ESTAT:TIN00102(1.0),15/12/22 11:00:00,A,I_IUJOB,PC_IND,IND_TOTAL,DE,2015,18.97,
75,Germany,ESTAT:TIN00102(1.0),15/12/22 11:00:00,A,I_IUJOB,PC_IND,IND_TOTAL,DE,2017,18.26,
76,Germany,ESTAT:TIN00102(1.0),15/12/22 11:00:00,A,I_IUJOB,PC_IND,IND_TOTAL,DE,2019,17.18,
77,Germany,ESTAT:TIN00102(1.0),15/12/22 11:00:00,A,I_IUJOB,PC_IND,IND_TOTAL,DE,2021,7.75,b
78,Denmark,ESTAT:TIN00102(1.0),15/12/22 11:00:00,A,I_IUJOB,PC_IND,IND_TOTAL,DK,2005,18.79,
79,Denmark,ESTAT:TIN00102(1.0),15/12/22 11:00:00,A,I_IUJOB,PC_IND,IND_TOTAL,DK,2006,20.33,
80,Denmark,ESTAT:TIN00102(1.0),15/12/22 11:00:00,A,I_IUJOB,PC_IND,IND_TOTAL,DK,2007,25.59,
81,Denmark,ESTAT:TIN00102(1.0),15/12/22 11:00:00,A,I_IUJOB,PC_IND,IND_TOTAL,DK,2008,23.26,
82,Denmark,ESTAT:TIN00102(1.0),15/12/22 11:00:00,A,I_IUJOB,PC_IND,IND_TOTAL,DK,2009,27.32,
83,Denmark,ESTAT:TIN00102(1.0),15/12/22 11:00:00,A,I_IUJOB,PC_IND,IND_TOTAL,DK,2010,28.72,
84,Denmark,ESTAT:TIN00102(1.0),15/12/22 11:00:00,A,I_IUJOB,PC_IND,IND_TOTAL,DK,2011,26.9,
85,Denmark,ESTAT:TIN00102(1.0),15/12/22 11:00:00,A,I_IUJOB,PC_IND,IND_TOTAL,DK,2013,22.36,
86,Denmark,ESTAT:TIN00102(1.0),15/12/22 11:00:00,A,I_IUJOB,PC_IND,IND_TOTAL,DK,2015,36.47,
87,Denmark,ESTAT:TIN00102(1.0),15/12/22 11:00:00,A,I_IUJOB,PC_IND,IND_TOTAL,DK,2017,23.51,
88,Denmark,ESTAT:TIN00102(1.0),15/12/22 11:00:00,A,I_IUJOB,PC_IND,IND_TOTAL,DK,2019,37.06,
89,Denmark,ESTAT:TIN00102(1.0),15/12/22 11:00:00,A,I_IUJOB,PC_IND,IND_TOTAL,DK,2021,36.33,
90,Spain,ESTAT:TIN00102(1.0),15/12/22 11:00:00,A,I_IUJOB,PC_IND,IND_TOTAL,EA,2005,8.88,
91,Spain,ESTAT:TIN00102(1.0),15/12/22 11:00:00,A,I_IUJOB,PC_IND,IND_TOTAL,EA,2006,10.64,
92,Spain,ESTAT:TIN00102(1.0),15/12/22 11:00:00,A,I_IUJOB,PC_IND,IND_TOTAL,EA,2007,12.05,
93,Spain,ESTAT:TIN00102(1.0),15/12/22 11:00:00,A,I_IUJOB,PC_IND,IND_TOTAL,EA,2008,12.9,
94,Spain,ESTAT:TIN00102(1.0),15/12/22 11:00:00,A,I_IUJOB,PC_IND,IND_TOTAL,EA,2009,14.14,
95,Spain,ESTAT:TIN00102(1.0),15/12/22 11:00:00,A,I_IUJOB,PC_IND,IND_TOTAL,EA,2010,14.56,
96,Spain,ESTAT:TIN00102(1.0),15/12/22 11:00:00,A,I_IUJOB,PC_IND,IND_TOTAL,EA,2011,15.92,
97,Spain,ESTAT:TIN00102(1.0),15/12/22 11:00:00,A,I_IUJOB,PC_IND,IND_TOTAL,EA,2013,17.23,
98,Spain,ESTAT:TIN00102(1.0),15/12/22 11:00:00,A,I_IUJOB,PC_IND,IND_TOTAL,EA,2015,17.2,
99,Spain,ESTAT:TIN00102(1.0),15/12/22 11:00:00,A,I_IUJOB,PC_IND,IND_TOTAL,EA,2017,16.93,
100,Spain,ESTAT:TIN00102(1.0),15/12/22 11:00:00,A,I_IUJOB,PC_IND,IND_TOTAL,EA,2019,16.79,
101,Spain,ESTAT:TIN00102(1.0),15/12/22 11:00:00,A,I_IUJOB,PC_IND,IND_TOTAL,EA,2021,14.18,b
102,Estonia,ESTAT:TIN00102(1.0),15/12/22 11:00:00,A,I_IUJOB,PC_IND,IND_TOTAL,EE,2005,18.28,
103,Estonia,ESTAT:TIN00102(1.0),15/12/22 11:00:00,A,I_IUJOB,PC_IND,IND_TOTAL,EE,2006,16.89,
104,Estonia,ESTAT:TIN00102(1.0),15/12/22 11:00:00,A,I_IUJOB,PC_IND,IND_TOTAL,EE,2007,13.07,
105,Estonia,ESTAT:TIN00102(1.0),15/12/22 11:00:00,A,I_IUJOB,PC_IND,IND_TOTAL,EE,2008,15.14,
106,Estonia,ESTAT:TIN00102(1.0),15/12/22 11:00:00,A,I_IUJOB,PC_IND,IND_TOTAL,EE,2009,22.09,
107,Estonia,ESTAT:TIN00102(1.0),15/12/22 11:00:00,A,I_IUJOB,PC_IND,IND_TOTAL,EE,2010,25.24,
108,Estonia,ESTAT:TIN00102(1.0),15/12/22 11:00:00,A,I_IUJOB,PC_IND,IND_TOTAL,EE,2011,24.79,
109,Estonia,ESTAT:TIN00102(1.0),15/12/22 11:00:00,A,I_IUJOB,PC_IND,IND_TOTAL,EE,2013,20.28,
110,Estonia,ESTAT:TIN00102(1.0),15/12/22 11:00:00,A,I_IUJOB,PC_IND,IND_TOTAL,EE,2015,21.97,
111,Estonia,ESTAT:TIN00102(1.0),15/12/22 11:00:00,A,I_IUJOB,PC_IND,IND_TOTAL,EE,2017,20.38,
112,Estonia,ESTAT:TIN00102(1.0),15/12/22 11:00:00,A,I_IUJOB,PC_IND,IND_TOTAL,EE,2019,20.58,
113,Estonia,ESTAT:TIN00102(1.0),15/12/22 11:00:00,A,I_IUJOB,PC_IND,IND_TOTAL,EE,2021,19.83,
114,Greece,ESTAT:TIN00102(1.0),15/12/22 11:00:00,A,I_IUJOB,PC_IND,IND_TOTAL,EL,2005,2.19,
115,Greece,ESTAT:TIN00102(1.0),15/12/22 11:00:00,A,I_IUJOB,PC_IND,IND_TOTAL,EL,2006,4.22,
116,Greece,ESTAT:TIN00102(1.0),15/12/22 11:00:00,A,I_IUJOB,PC_IND,IND_TOTAL,EL,2007,4.6,
117,Greece,ESTAT:TIN00102(1.0),15/12/22 11:00:00,A,I_IUJOB,PC_IND,IND_TOTAL,EL,2008,5.41,
118,Greece,ESTAT:TIN00102(1.0),15/12/22 11:00:00,A,I_IUJOB,PC_IND,IND_TOTAL,EL,2009,5.51,
119,Greece,ESTAT:TIN00102(1.0),15/12/22 11:00:00,A,I_IUJOB,PC_IND,IND_TOTAL,EL,2010,6.08,
120,Greece,ESTAT:TIN00102(1.0),15/12/22 11:00:00,A,I_IUJOB,PC_IND,IND_TOTAL,EL,2011,12.91,
121,Greece,ESTAT:TIN00102(1.0),15/12/22 11:00:00,A,I_IUJOB,PC_IND,IND_TOTAL,EL,2013,15.98,
122,Greece,ESTAT:TIN00102(1.0),15/12/22 11:00:00,A,I_IUJOB,PC_IND,IND_TOTAL,EL,2015,17.78,
123,Greece,ESTAT:TIN00102(1.0),15/12/22 11:00:00,A,I_IUJOB,PC_IND,IND_TOTAL,EL,2017,15.34,
124,Greece,ESTAT:TIN00102(1.0),15/12/22 11:00:00,A,I_IUJOB,PC_IND,IND_TOTAL,EL,2019,12.87,
125,Greece,ESTAT:TIN00102(1.0),15/12/22 11:00:00,A,I_IUJOB,PC_IND,IND_TOTAL,EL,2021,10.31,
126,Spain,ESTAT:TIN00102(1.0),15/12/22 11:00:00,A,I_IUJOB,PC_IND,IND_TOTAL,ES,2007,10.16,
127,Spain,ESTAT:TIN00102(1.0),15/12/22 11:00:00,A,I_IUJOB,PC_IND,IND_TOTAL,ES,2008,12.32,
128,Spain,ESTAT:TIN00102(1.0),15/12/22 11:00:00,A,I_IUJOB,PC_IND,IND_TOTAL,ES,2009,16.67,
129,Spain,ESTAT:TIN00102(1.0),15/12/22 11:00:00,A,I_IUJOB,PC_IND,IND_TOTAL,ES,2010,16.16,
130,Spain,ESTAT:TIN00102(1.0),15/12/22 11:00:00,A,I_IUJOB,PC_IND,IND_TOTAL,ES,2011,16.97,
131,Spain,ESTAT:TIN00102(1.0),15/12/22 11:00:00,A,I_IUJOB,PC_IND,IND_TOTAL,ES,2013,19.62,
132,Spain,ESTAT:TIN00102(1.0),15/12/22 11:00:00,A,I_IUJOB,PC_IND,IND_TOTAL,ES,2015,20.23,
133,Spain,ESTAT:TIN00102(1.0),15/12/22 11:00:00,A,I_IUJOB,PC_IND,IND_TOTAL,ES,2017,19.38,
134,Spain,ESTAT:TIN00102(1.0),15/12/22 11:00:00,A,I_IUJOB,PC_IND,IND_TOTAL,ES,2019,18.24,
135,Spain,ESTAT:TIN00102(1.0),15/12/22 11:00:00,A,I_IUJOB,PC_IND,IND_TOTAL,ES,2021,18.78,
136,EU27_2007,ESTAT:TIN00102(1.0),15/12/22 11:00:00,A,I_IUJOB,PC_IND,IND_TOTAL,EU27_2007,2005,9.78,
137,EU27_2007,ESTAT:TIN00102(1.0),15/12/22 11:00:00,A,I_IUJOB,PC_IND,IND_TOTAL,EU27_2007,2006,10.78,
138,EU27_2007,ESTAT:TIN00102(1.0),15/12/22 11:00:00,A,I_IUJOB,PC_IND,IND_TOTAL,EU27_2007,2007,11.56,
139,EU27_2007,ESTAT:TIN00102(1.0),15/12/22 11:00:00,A,I_IUJOB,PC_IND,IND_TOTAL,EU27_2007,2008,12.9,
140,EU27_2007,ESTAT:TIN00102(1.0),15/12/22 11:00:00,A,I_IUJOB,PC_IND,IND_TOTAL,EU27_2007,2009,14.84,
141,EU27_2007,ESTAT:TIN00102(1.0),15/12/22 11:00:00,A,I_IUJOB,PC_IND,IND_TOTAL,EU27_2007,2010,15.12,
142,EU27_2007,ESTAT:TIN00102(1.0),15/12/22 11:00:00,A,I_IUJOB,PC_IND,IND_TOTAL,EU27_2007,2011,16.68,
143,EU27_2007,ESTAT:TIN00102(1.0),15/12/22 11:00:00,A,I_IUJOB,PC_IND,IND_TOTAL,EU27_2007,2013,17.26,
144,EU27_2007,ESTAT:TIN00102(1.0),15/12/22 11:00:00,A,I_IUJOB,PC_IND,IND_TOTAL,EU27_2007,2015,17.2,
145,EU27_2007,ESTAT:TIN00102(1.0),15/12/22 11:00:00,A,I_IUJOB,PC_IND,IND_TOTAL,EU27_2007,2017,16.84,
146,EU27_2020,ESTAT:TIN00102(1.0),15/12/22 11:00:00,A,I_IUJOB,PC_IND,IND_TOTAL,EU27_2020,2007,11.02,
147,EU27_2020,ESTAT:TIN00102(1.0),15/12/22 11:00:00,A,I_IUJOB,PC_IND,IND_TOTAL,EU27_2020,2008,11.97,
148,EU27_2020,ESTAT:TIN00102(1.0),15/12/22 11:00:00,A,I_IUJOB,PC_IND,IND_TOTAL,EU27_2020,2009,13.47,
149,EU27_2020,ESTAT:TIN00102(1.0),15/12/22 11:00:00,A,I_IUJOB,PC_IND,IND_TOTAL,EU27_2020,2010,14.18,
150,EU27_2020,ESTAT:TIN00102(1.0),15/12/22 11:00:00,A,I_IUJOB,PC_IND,IND_TOTAL,EU27_2020,2011,15.41,
151,EU27_2020,ESTAT:TIN00102(1.0),15/12/22 11:00:00,A,I_IUJOB,PC_IND,IND_TOTAL,EU27_2020,2013,16.06,
152,EU27_2020,ESTAT:TIN00102(1.0),15/12/22 11:00:00,A,I_IUJOB,PC_IND,IND_TOTAL,EU27_2020,2015,16.08,
153,EU27_2020,ESTAT:TIN00102(1.0),15/12/22 11:00:00,A,I_IUJOB,PC_IND,IND_TOTAL,EU27_2020,2017,15.83,
154,EU27_2020,ESTAT:TIN00102(1.0),15/12/22 11:00:00,A,I_IUJOB,PC_IND,IND_TOTAL,EU27_2020,2019,15.63,
155,EU27_2020,ESTAT:TIN00102(1.0),15/12/22 11:00:00,A,I_IUJOB,PC_IND,IND_TOTAL,EU27_2020,2021,13.42,b
156,EU28,ESTAT:TIN00102(1.0),15/12/22 11:00:00,A,I_IUJOB,PC_IND,IND_TOTAL,EU28,2007,11.53,
157,EU28,ESTAT:TIN00102(1.0),15/12/22 11:00:00,A,I_IUJOB,PC_IND,IND_TOTAL,EU28,2008,12.88,
158,EU28,ESTAT:TIN00102(1.0),15/12/22 11:00:00,A,I_IUJOB,PC_IND,IND_TOTAL,EU28,2009,14.84,
159,EU28,ESTAT:TIN00102(1.0),15/12/22 11:00:00,A,I_IUJOB,PC_IND,IND_TOTAL,EU28,2010,15.13,
160,EU28,ESTAT:TIN00102(1.0),15/12/22 11:00:00,A,I_IUJOB,PC_IND,IND_TOTAL,EU28,2011,16.71,
161,EU28,ESTAT:TIN00102(1.0),15/12/22 11:00:00,A,I_IUJOB,PC_IND,IND_TOTAL,EU28,2013,17.25,
162,EU28,ESTAT:TIN00102(1.0),15/12/22 11:00:00,A,I_IUJOB,PC_IND,IND_TOTAL,EU28,2015,17.19,
163,EU28,ESTAT:TIN00102(1.0),15/12/22 11:00:00,A,I_IUJOB,PC_IND,IND_TOTAL,EU28,2017,16.81,
164,EU28,ESTAT:TIN00102(1.0),15/12/22 11:00:00,A,I_IUJOB,PC_IND,IND_TOTAL,EU28,2019,16.78,
165,Finland,ESTAT:TIN00102(1.0),15/12/22 11:00:00,A,I_IUJOB,PC_IND,IND_TOTAL,FI,2005,24.21,
166,Finland,ESTAT:TIN00102(1.0),15/12/22 11:00:00,A,I_IUJOB,PC_IND,IND_TOTAL,FI,2006,26.45,
167,Finland,ESTAT:TIN00102(1.0),15/12/22 11:00:00,A,I_IUJOB,PC_IND,IND_TOTAL,FI,2007,26.37,
168,Finland,ESTAT:TIN00102(1.0),15/12/22 11:00:00,A,I_IUJOB,PC_IND,IND_TOTAL,FI,2008,26.4,
169,Finland,ESTAT:TIN00102(1.0),15/12/22 11:00:00,A,I_IUJOB,PC_IND,IND_TOTAL,FI,2009,24.05,
170,Finland,ESTAT:TIN00102(1.0),15/12/22 11:00:00,A,I_IUJOB,PC_IND,IND_TOTAL,FI,2010,27.37,
171,Finland,ESTAT:TIN00102(1.0),15/12/22 11:00:00,A,I_IUJOB,PC_IND,IND_TOTAL,FI,2011,26.79,
172,Finland,ESTAT:TIN00102(1.0),15/12/22 11:00:00,A,I_IUJOB,PC_IND,IND_TOTAL,FI,2013,26.53,
173,Finland,ESTAT:TIN00102(1.0),15/12/22 11:00:00,A,I_IUJOB,PC_IND,IND_TOTAL,FI,2015,26.76,
174,Finland,ESTAT:TIN00102(1.0),15/12/22 11:00:00,A,I_IUJOB,PC_IND,IND_TOTAL,FI,2017,29.24,
175,Finland,ESTAT:TIN00102(1.0),15/12/22 11:00:00,A,I_IUJOB,PC_IND,IND_TOTAL,FI,2019,32.05,
176,Finland,ESTAT:TIN00102(1.0),15/12/22 11:00:00,A,I_IUJOB,PC_IND,IND_TOTAL,FI,2021,34.18,
177,France,ESTAT:TIN00102(1.0),15/12/22 11:00:00,A,I_IUJOB,PC_IND,IND_TOTAL,FR,2006,6.27,
178,France,ESTAT:TIN00102(1.0),15/12/22 11:00:00,A,I_IUJOB,PC_IND,IND_TOTAL,FR,2007,12.37,
179,France,ESTAT:TIN00102(1.0),15/12/22 11:00:00,A,I_IUJOB,PC_IND,IND_TOTAL,FR,2008,17.0,
180,France,ESTAT:TIN00102(1.0),15/12/22 11:00:00,A,I_IUJOB,PC_IND,IND_TOTAL,FR,2009,13.21,
181,France,ESTAT:TIN00102(1.0),15/12/22 11:00:00,A,I_IUJOB,PC_IND,IND_TOTAL,FR,2010,15.85,
182,France,ESTAT:TIN00102(1.0),15/12/22 11:00:00,A,I_IUJOB,PC_IND,IND_TOTAL,FR,2011,14.95,
183,France,ESTAT:TIN00102(1.0),15/12/22 11:00:00,A,I_IUJOB,PC_IND,IND_TOTAL,FR,2013,17.75,
184,France,ESTAT:TIN00102(1.0),15/12/22 11:00:00,A,I_IUJOB,PC_IND,IND_TOTAL,FR,2015,16.59,
185,France,ESTAT:TIN00102(1.0),15/12/22 11:00:00,A,I_IUJOB,PC_IND,IND_TOTAL,FR,2017,16.21,
186,France,ESTAT:TIN00102(1.0),15/12/22 11:00:00,A,I_IUJOB,PC_IND,IND_TOTAL,FR,2019,17.44,
187,France,ESTAT:TIN00102(1.0),15/12/22 11:00:00,A,I_IUJOB,PC_IND,IND_TOTAL,FR,2021,15.72,
188,Croatia,ESTAT:TIN00102(1.0),15/12/22 11:00:00,A,I_IUJOB,PC_IND,IND_TOTAL,HR,2007,8.19,
189,Croatia,ESTAT:TIN00102(1.0),15/12/22 11:00:00,A,I_IUJOB,PC_IND,IND_TOTAL,HR,2008,11.04,
190,Croatia,ESTAT:TIN00102(1.0),15/12/22 11:00:00,A,I_IUJOB,PC_IND,IND_TOTAL,HR,2009,14.29,
191,Croatia,ESTAT:TIN00102(1.0),15/12/22 11:00:00,A,I_IUJOB,PC_IND,IND_TOTAL,HR,2010,16.89,
192,Croatia,ESTAT:TIN00102(1.0),15/12/22 11:00:00,A,I_IUJOB,PC_IND,IND_TOTAL,HR,2011,19.84,
193,Croatia,ESTAT:TIN00102(1.0),15/12/22 11:00:00,A,I_IUJOB,PC_IND,IND_TOTAL,HR,2013,15.28,
194,Croatia,ESTAT:TIN00102(1.0),15/12/22 11:00:00,A,I_IUJOB,PC_IND,IND_TOTAL,HR,2015,16.37,
195,Croatia,ESTAT:TIN00102(1.0),15/12/22 11:00:00,A,I_IUJOB,PC_IND,IND_TOTAL,HR,2017,13.07,
196,Croatia,ESTAT:TIN00102(1.0),15/12/22 11:00:00,A,I_IUJOB,PC_IND,IND_TOTAL,HR,2019,14.31,
197,Croatia,ESTAT:TIN00102(1.0),15/12/22 11:00:00,A,I_IUJOB,PC_IND,IND_TOTAL,HR,2021,14.72,
198,Hungary,ESTAT:TIN00102(1.0),15/12/22 11:00:00,A,I_IUJOB,PC_IND,IND_TOTAL,HU,2005,9.76,
199,Hungary,ESTAT:TIN00102(1.0),15/12/22 11:00:00,A,I_IUJOB,PC_IND,IND_TOTAL,HU,2006,11.86,
200,Hungary,ESTAT:TIN00102(1.0),15/12/22 11:00:00,A,I_IUJOB,PC_IND,IND_TOTAL,HU,2007,12.7,
201,Hungary,ESTAT:TIN00102(1.0),15/12/22 11:00:00,A,I_IUJOB,PC_IND,IND_TOTAL,HU,2008,14.12,
202,Hungary,ESTAT:TIN00102(1.0),15/12/22 11:00:00,A,I_IUJOB,PC_IND,IND_TOTAL,HU,2009,17.86,
203,Hungary,ESTAT:TIN00102(1.0),15/12/22 11:00:00,A,I_IUJOB,PC_IND,IND_TOTAL,HU,2010,20.43,
204,Hungary,ESTAT:TIN00102(1.0),15/12/22 11:00:00,A,I_IUJOB,PC_IND,IND_TOTAL,HU,2011,20.04,
205,Hungary,ESTAT:TIN00102(1.0),15/12/22 11:00:00,A,I_IUJOB,PC_IND,IND_TOTAL,HU,2013,17.95,
206,Hungary,ESTAT:TIN00102(1.0),15/12/22 11:00:00,A,I_IUJOB,PC_IND,IND_TOTAL,HU,2015,16.77,
207,Hungary,ESTAT:TIN00102(1.0),15/12/22 11:00:00,A,I_IUJOB,PC_IND,IND_TOTAL,HU,2017,13.93,
208,Hungary,ESTAT:TIN00102(1.0),15/12/22 11:00:00,A,I_IUJOB,PC_IND,IND_TOTAL,HU,2019,14.84,
209,Hungary,ESTAT:TIN00102(1.0),15/12/22 11:00:00,A,I_IUJOB,PC_IND,IND_TOTAL,HU,2021,16.59,
210,Ireland,ESTAT:TIN00102(1.0),15/12/22 11:00:00,A,I_IUJOB,PC_IND,IND_TOTAL,IE,2005,2.37,
211,Ireland,ESTAT:TIN00102(1.0),15/12/22 11:00:00,A,I_IUJOB,PC_IND,IND_TOTAL,IE,2006,6.02,
212,Ireland,ESTAT:TIN00102(1.0),15/12/22 11:00:00,A,I_IUJOB,PC_IND,IND_TOTAL,IE,2007,6.99,
213,Ireland,ESTAT:TIN00102(1.0),15/12/22 11:00:00,A,I_IUJOB,PC_IND,IND_TOTAL,IE,2008,9.4,
214,Ireland,ESTAT:TIN00102(1.0),15/12/22 11:00:00,A,I_IUJOB,PC_IND,IND_TOTAL,IE,2009,13.58,
215,Ireland,ESTAT:TIN00102(1.0),15/12/22 11:00:00,A,I_IUJOB,PC_IND,IND_TOTAL,IE,2010,14.47,
216,Ireland,ESTAT:TIN00102(1.0),15/12/22 11:00:00,A,I_IUJOB,PC_IND,IND_TOTAL,IE,2011,19.58,
217,Ireland,ESTAT:TIN00102(1.0),15/12/22 11:00:00,A,I_IUJOB,PC_IND,IND_TOTAL,IE,2013,17.05,
218,Ireland,ESTAT:TIN00102(1.0),15/12/22 11:00:00,A,I_IUJOB,PC_IND,IND_TOTAL,IE,2015,13.91,
219,Ireland,ESTAT:TIN00102(1.0),15/12/22 11:00:00,A,I_IUJOB,PC_IND,IND_TOTAL,IE,2017,11.63,
220,Ireland,ESTAT:TIN00102(1.0),15/12/22 11:00:00,A,I_IUJOB,PC_IND,IND_TOTAL,IE,2019,17.46,
221,Ireland,ESTAT:TIN00102(1.0),15/12/22 11:00:00,A,I_IUJOB,PC_IND,IND_TOTAL,IE,2021,21.43,b
222,Iceland,ESTAT:TIN00102(1.0),15/12/22 11:00:00,A,I_IUJOB,PC_IND,IND_TOTAL,IS,2005,15.82,
223,Iceland,ESTAT:TIN00102(1.0),15/12/22 11:00:00,A,I_IUJOB,PC_IND,IND_TOTAL,IS,2006,17.41,
224,Iceland,ESTAT:TIN00102(1.0),15/12/22 11:00:00,A,I_IUJOB,PC_IND,IND_TOTAL,IS,2007,15.83,
225,Iceland,ESTAT:TIN00102(1.0),15/12/22 11:00:00,A,I_IUJOB,PC_IND,IND_TOTAL,IS,2008,13.67,
226,Iceland,ESTAT:TIN00102(1.0),15/12/22 11:00:00,A,I_IUJOB,PC_IND,IND_TOTAL,IS,2009,17.45,
227,Iceland,ESTAT:TIN00102(1.0),15/12/22 11:00:00,A,I_IUJOB,PC_IND,IND_TOTAL,IS,2010,21.2,
228,Iceland,ESTAT:TIN00102(1.0),15/12/22 11:00:00,A,I_IUJOB,PC_IND,IND_TOTAL,IS,2011,26.33,
229,Iceland,ESTAT:TIN00102(1.0),15/12/22 11:00:00,A,I_IUJOB,PC_IND,IND_TOTAL,IS,2013,26.51,
230,Iceland,ESTAT:TIN00102(1.0),15/12/22 11:00:00,A,I_IUJOB,PC_IND,IND_TOTAL,IS,2017,21.77,
231,Iceland,ESTAT:TIN00102(1.0),15/12/22 11:00:00,A,I_IUJOB,PC_IND,IND_TOTAL,IS,2019,19.76,
232,Iceland,ESTAT:TIN00102(1.0),15/12/22 11:00:00,A,I_IUJOB,PC_IND,IND_TOTAL,IS,2021,23.07,
233,Italy,ESTAT:TIN00102(1.0),15/12/22 11:00:00,A,I_IUJOB,PC_IND,IND_TOTAL,IT,2005,5.37,
234,Italy,ESTAT:TIN00102(1.0),15/12/22 11:00:00,A,I_IUJOB,PC_IND,IND_TOTAL,IT,2006,6.16,
235,Italy,ESTAT:TIN00102(1.0),15/12/22 11:00:00,A,I_IUJOB,PC_IND,IND_TOTAL,IT,2007,7.19,
236,Italy,ESTAT:TIN00102(1.0),15/12/22 11:00:00,A,I_IUJOB,PC_IND,IND_TOTAL,IT,2008,6.98,
237,Italy,ESTAT:TIN00102(1.0),15/12/22 11:00:00,A,I_IUJOB,PC_IND,IND_TOTAL,IT,2009,9.28,
238,Italy,ESTAT:TIN00102(1.0),15/12/22 11:00:00,A,I_IUJOB,PC_IND,IND_TOTAL,IT,2010,10.08,
239,Italy,ESTAT:TIN00102(1.0),15/12/22 11:00:00,A,I_IUJOB,PC_IND,IND_TOTAL,IT,2011,11.91,
240,Italy,ESTAT:TIN00102(1.0),15/12/22 11:00:00,A,I_IUJOB,PC_IND,IND_TOTAL,IT,2013,13.46,
241,Italy,ESTAT:TIN00102(1.0),15/12/22 11:00:00,A,I_IUJOB,PC_IND,IND_TOTAL,IT,2015,12.42,
242,Italy,ESTAT:TIN00102(1.0),15/12/22 11:00:00,A,I_IUJOB,PC_IND,IND_TOTAL,IT,2017,13.17,
243,Italy,ESTAT:TIN00102(1.0),15/12/22 11:00:00,A,I_IUJOB,PC_IND,IND_TOTAL,IT,2019,13.64,
244,Italy,ESTAT:TIN00102(1.0),15/12/22 11:00:00,A,I_IUJOB,PC_IND,IND_TOTAL,IT,2021,13.65,
245,Lithuania,ESTAT:TIN00102(1.0),15/12/22 11:00:00,A,I_IUJOB,PC_IND,IND_TOTAL,LT,2005,6.59,
246,Lithuania,ESTAT:TIN00102(1.0),15/12/22 11:00:00,A,I_IUJOB,PC_IND,IND_TOTAL,LT,2006,9.47,
247,Lithuania,ESTAT:TIN00102(1.0),15/12/22 11:00:00,A,I_IUJOB,PC_IND,IND_TOTAL,LT,2007,10.07,
248,Lithuania,ESTAT:TIN00102(1.0),15/12/22 11:00:00,A,I_IUJOB,PC_IND,IND_TOTAL,LT,2008,10.45,
249,Lithuania,ESTAT:TIN00102(1.0),15/12/22 11:00:00,A,I_IUJOB,PC_IND,IND_TOTAL,LT,2009,15.15,
250,Lithuania,ESTAT:TIN00102(1.0),15/12/22 11:00:00,A,I_IUJOB,PC_IND,IND_TOTAL,LT,2010,15.1,
251,Lithuania,ESTAT:TIN00102(1.0),15/12/22 11:00:00,A,I_IUJOB,PC_IND,IND_TOTAL,LT,2011,13.54,
252,Lithuania,ESTAT:TIN00102(1.0),15/12/22 11:00:00,A,I_IUJOB,PC_IND,IND_TOTAL,LT,2013,12.22,
253,Lithuania,ESTAT:TIN00102(1.0),15/12/22 11:00:00,A,I_IUJOB,PC_IND,IND_TOTAL,LT,2015,12.24,
254,Lithuania,ESTAT:TIN00102(1.0),15/12/22 11:00:00,A,I_IUJOB,PC_IND,IND_TOTAL,LT,2017,12.58,
255,Lithuania,ESTAT:TIN00102(1.0),15/12/22 11:00:00,A,I_IUJOB,PC_IND,IND_TOTAL,LT,2019,15.72,
256,Lithuania,ESTAT:TIN00102(1.0),15/12/22 11:00:00,A,I_IUJOB,PC_IND,IND_TOTAL,LT,2021,14.79,
257,Luxembourg,ESTAT:TIN00102(1.0),15/12/22 11:00:00,A,I_IUJOB,PC_IND,IND_TOTAL,LU,2005,11.51,
258,Luxembourg,ESTAT:TIN00102(1.0),15/12/22 11:00:00,A,I_IUJOB,PC_IND,IND_TOTAL,LU,2006,10.93,
259,Luxembourg,ESTAT:TIN00102(1.0),15/12/22 11:00:00,A,I_IUJOB,PC_IND,IND_TOTAL,LU,2007,14.47,
260,Luxembourg,ESTAT:TIN00102(1.0),15/12/22 11:00:00,A,I_IUJOB,PC_IND,IND_TOTAL,LU,2008,11.85,
261,Luxembourg,ESTAT:TIN00102(1.0),15/12/22 11:00:00,A,I_IUJOB,PC_IND,IND_TOTAL,LU,2009,12.59,
262,Luxembourg,ESTAT:TIN00102(1.0),15/12/22 11:00:00,A,I_IUJOB,PC_IND,IND_TOTAL,LU,2010,12.97,
263,Luxembourg,ESTAT:TIN00102(1.0),15/12/22 11:00:00,A,I_IUJOB,PC_IND,IND_TOTAL,LU,2011,14.56,
264,Luxembourg,ESTAT:TIN00102(1.0),15/12/22 11:00:00,A,I_IUJOB,PC_IND,IND_TOTAL,LU,2013,18.44,
265,Luxembourg,ESTAT:TIN00102(1.0),15/12/22 11:00:00,A,I_IUJOB,PC_IND,IND_TOTAL,LU,2015,19.59,
266,Luxembourg,ESTAT:TIN00102(1.0),15/12/22 11:00:00,A,I_IUJOB,PC_IND,IND_TOTAL,LU,2017,18.76,
267,Luxembourg,ESTAT:TIN00102(1.0),15/12/22 11:00:00,A,I_IUJOB,PC_IND,IND_TOTAL,LU,2019,20.02,b
268,Luxembourg,ESTAT:TIN00102(1.0),15/12/22 11:00:00,A,I_IUJOB,PC_IND,IND_TOTAL,LU,2021,15.22,
269,Latvia,ESTAT:TIN00102(1.0),15/12/22 11:00:00,A,I_IUJOB,PC_IND,IND_TOTAL,LV,2005,9.65,
270,Latvia,ESTAT:TIN00102(1.0),15/12/22 11:00:00,A,I_IUJOB,PC_IND,IND_TOTAL,LV,2006,11.32,
271,Latvia,ESTAT:TIN00102(1.0),15/12/22 11:00:00,A,I_IUJOB,PC_IND,IND_TOTAL,LV,2007,9.49,
272,Latvia,ESTAT:TIN00102(1.0),15/12/22 11:00:00,A,I_IUJOB,PC_IND,IND_TOTAL,LV,2008,15.95,
273,Latvia,ESTAT:TIN00102(1.0),15/12/22 11:00:00,A,I_IUJOB,PC_IND,IND_TOTAL,LV,2009,24.52,
274,Latvia,ESTAT:TIN00102(1.0),15/12/22 11:00:00,A,I_IUJOB,PC_IND,IND_TOTAL,LV,2010,24.88,
275,Latvia,ESTAT:TIN00102(1.0),15/12/22 11:00:00,A,I_IUJOB,PC_IND,IND_TOTAL,LV,2011,27.05,
276,Latvia,ESTAT:TIN00102(1.0),15/12/22 11:00:00,A,I_IUJOB,PC_IND,IND_TOTAL,LV,2013,16.97,
277,Latvia,ESTAT:TIN00102(1.0),15/12/22 11:00:00,A,I_IUJOB,PC_IND,IND_TOTAL,LV,2015,15.15,
278,Latvia,ESTAT:TIN00102(1.0),15/12/22 11:00:00,A,I_IUJOB,PC_IND,IND_TOTAL,LV,2017,16.03,
279,Latvia,ESTAT:TIN00102(1.0),15/12/22 11:00:00,A,I_IUJOB,PC_IND,IND_TOTAL,LV,2019,13.88,
280,Latvia,ESTAT:TIN00102(1.0),15/12/22 11:00:00,A,I_IUJOB,PC_IND,IND_TOTAL,LV,2021,12.3,
281,Montenegro,ESTAT:TIN00102(1.0),15/12/22 11:00:00,A,I_IUJOB,PC_IND,IND_TOTAL,ME,2017,12.06,
282,Montenegro,ESTAT:TIN00102(1.0),15/12/22 11:00:00,A,I_IUJOB,PC_IND,IND_TOTAL,ME,2019,10.01,
283,Montenegro,ESTAT:TIN00102(1.0),15/12/22 11:00:00,A,I_IUJOB,PC_IND,IND_TOTAL,ME,2021,14.71,
284,North Macedonia,ESTAT:TIN00102(1.0),15/12/22 11:00:00,A,I_IUJOB,PC_IND,IND_TOTAL,MK,2006,2.44,
285,North Macedonia,ESTAT:TIN00102(1.0),15/12/22 11:00:00,A,I_IUJOB,PC_IND,IND_TOTAL,MK,2008,6.71,
286,North Macedonia,ESTAT:TIN00102(1.0),15/12/22 11:00:00,A,I_IUJOB,PC_IND,IND_TOTAL,MK,2009,9.04,
287,North Macedonia,ESTAT:TIN00102(1.0),15/12/22 11:00:00,A,I_IUJOB,PC_IND,IND_TOTAL,MK,2010,10.79,
288,North Macedonia,ESTAT:TIN00102(1.0),15/12/22 11:00:00,A,I_IUJOB,PC_IND,IND_TOTAL,MK,2013,15.76,
289,North Macedonia,ESTAT:TIN00102(1.0),15/12/22 11:00:00,A,I_IUJOB,PC_IND,IND_TOTAL,MK,2015,14.71,
290,North Macedonia,ESTAT:TIN00102(1.0),15/12/22 11:00:00,A,I_IUJOB,PC_IND,IND_TOTAL,MK,2017,8.79,
291,North Macedonia,ESTAT:TIN00102(1.0),15/12/22 11:00:00,A,I_IUJOB,PC_IND,IND_TOTAL,MK,2019,8.63,
292,North Macedonia,ESTAT:TIN00102(1.0),15/12/22 11:00:00,A,I_IUJOB,PC_IND,IND_TOTAL,MK,2021,6.94,
293,Malta,ESTAT:TIN00102(1.0),15/12/22 11:00:00,A,I_IUJOB,PC_IND,IND_TOTAL,MT,2005,5.02,
294,Malta,ESTAT:TIN00102(1.0),15/12/22 11:00:00,A,I_IUJOB,PC_IND,IND_TOTAL,MT,2006,7.54,
295,Malta,ESTAT:TIN00102(1.0),15/12/22 11:00:00,A,I_IUJOB,PC_IND,IND_TOTAL,MT,2007,10.25,
296,Malta,ESTAT:TIN00102(1.0),15/12/22 11:00:00,A,I_IUJOB,PC_IND,IND_TOTAL,MT,2008,10.28,
297,Malta,ESTAT:TIN00102(1.0),15/12/22 11:00:00,A,I_IUJOB,PC_IND,IND_TOTAL,MT,2009,14.41,
298,Malta,ESTAT:TIN00102(1.0),15/12/22 11:00:00,A,I_IUJOB,PC_IND,IND_TOTAL,MT,2010,14.6,
299,Malta,ESTAT:TIN00102(1.0),15/12/22 11:00:00,A,I_IUJOB,PC_IND,IND_TOTAL,MT,2011,19.95,
300,Malta,ESTAT:TIN00102(1.0),15/12/22 11:00:00,A,I_IUJOB,PC_IND,IND_TOTAL,MT,2013,20.09,
301,Malta,ESTAT:TIN00102(1.0),15/12/22 11:00:00,A,I_IUJOB,PC_IND,IND_TOTAL,MT,2015,23.05,
302,Malta,ESTAT:TIN00102(1.0),15/12/22 11:00:00,A,I_IUJOB,PC_IND,IND_TOTAL,MT,2017,21.29,
303,Malta,ESTAT:TIN00102(1.0),15/12/22 11:00:00,A,I_IUJOB,PC_IND,IND_TOTAL,MT,2019,18.17,
304,Malta,ESTAT:TIN00102(1.0),15/12/22 11:00:00,A,I_IUJOB,PC_IND,IND_TOTAL,MT,2021,14.56,
305,Netherlands,ESTAT:TIN00102(1.0),15/12/22 11:00:00,A,I_IUJOB,PC_IND,IND_TOTAL,NL,2005,16.45,
306,Netherlands,ESTAT:TIN00102(1.0),15/12/22 11:00:00,A,I_IUJOB,PC_IND,IND_TOTAL,NL,2006,18.53,
307,Netherlands,ESTAT:TIN00102(1.0),15/12/22 11:00:00,A,I_IUJOB,PC_IND,IND_TOTAL,NL,2007,18.75,
308,Netherlands,ESTAT:TIN00102(1.0),15/12/22 11:00:00,A,I_IUJOB,PC_IND,IND_TOTAL,NL,2008,16.59,
309,Netherlands,ESTAT:TIN00102(1.0),15/12/22 11:00:00,A,I_IUJOB,PC_IND,IND_TOTAL,NL,2009,17.08,
310,Netherlands,ESTAT:TIN00102(1.0),15/12/22 11:00:00,A,I_IUJOB,PC_IND,IND_TOTAL,NL,2010,18.92,
311,Netherlands,ESTAT:TIN00102(1.0),15/12/22 11:00:00,A,I_IUJOB,PC_IND,IND_TOTAL,NL,2011,18.64,
312,Netherlands,ESTAT:TIN00102(1.0),15/12/22 11:00:00,A,I_IUJOB,PC_IND,IND_TOTAL,NL,2013,20.52,
313,Netherlands,ESTAT:TIN00102(1.0),15/12/22 11:00:00,A,I_IUJOB,PC_IND,IND_TOTAL,NL,2015,24.12,
314,Netherlands,ESTAT:TIN00102(1.0),15/12/22 11:00:00,A,I_IUJOB,PC_IND,IND_TOTAL,NL,2017,24.63,
315,Netherlands,ESTAT:TIN00102(1.0),15/12/22 11:00:00,A,I_IUJOB,PC_IND,IND_TOTAL,NL,2019,25.14,
316,Netherlands,ESTAT:TIN00102(1.0),15/12/22 11:00:00,A,I_IUJOB,PC_IND,IND_TOTAL,NL,2021,22.25,
317,Norway,ESTAT:TIN00102(1.0),15/12/22 11:00:00,A,I_IUJOB,PC_IND,IND_TOTAL,NO,2005,18.28,
318,Norway,ESTAT:TIN00102(1.0),15/12/22 11:00:00,A,I_IUJOB,PC_IND,IND_TOTAL,NO,2006,21.86,
319,Norway,ESTAT:TIN00102(1.0),15/12/22 11:00:00,A,I_IUJOB,PC_IND,IND_TOTAL,NO,2007,22.16,
320,Norway,ESTAT:TIN00102(1.0),15/12/22 11:00:00,A,I_IUJOB,PC_IND,IND_TOTAL,NO,2008,22.38,
321,Norway,ESTAT:TIN00102(1.0),15/12/22 11:00:00,A,I_IUJOB,PC_IND,IND_TOTAL,NO,2009,22.14,
322,Norway,ESTAT:TIN00102(1.0),15/12/22 11:00:00,A,I_IUJOB,PC_IND,IND_TOTAL,NO,2010,21.89,
323,Norway,ESTAT:TIN00102(1.0),15/12/22 11:00:00,A,I_IUJOB,PC_IND,IND_TOTAL,NO,2011,29.6,
324,Norway,ESTAT:TIN00102(1.0),15/12/22 11:00:00,A,I_IUJOB,PC_IND,IND_TOTAL,NO,2013,26.77,
325,Norway,ESTAT:TIN00102(1.0),15/12/22 11:00:00,A,I_IUJOB,PC_IND,IND_TOTAL,NO,2015,28.92,
326,Norway,ESTAT:TIN00102(1.0),15/12/22 11:00:00,A,I_IUJOB,PC_IND,IND_TOTAL,NO,2017,25.81,
327,Norway,ESTAT:TIN00102(1.0),15/12/22 11:00:00,A,I_IUJOB,PC_IND,IND_TOTAL,NO,2019,26.23,
328,Norway,ESTAT:TIN00102(1.0),15/12/22 11:00:00,A,I_IUJOB,PC_IND,IND_TOTAL,NO,2021,29.53,
329,Poland,ESTAT:TIN00102(1.0),15/12/22 11:00:00,A,I_IUJOB,PC_IND,IND_TOTAL,PL,2005,4.63,
330,Poland,ESTAT:TIN00102(1.0),15/12/22 11:00:00,A,I_IUJOB,PC_IND,IND_TOTAL,PL,2006,7.19,
331,Poland,ESTAT:TIN00102(1.0),15/12/22 11:00:00,A,I_IUJOB,PC_IND,IND_TOTAL,PL,2007,7.18,
332,Poland,ESTAT:TIN00102(1.0),15/12/22 11:00:00,A,I_IUJOB,PC_IND,IND_TOTAL,PL,2008,8.16,
333,Poland,ESTAT:TIN00102(1.0),15/12/22 11:00:00,A,I_IUJOB,PC_IND,IND_TOTAL,PL,2009,9.05,
334,Poland,ESTAT:TIN00102(1.0),15/12/22 11:00:00,A,I_IUJOB,PC_IND,IND_TOTAL,PL,2010,10.41,
335,Poland,ESTAT:TIN00102(1.0),15/12/22 11:00:00,A,I_IUJOB,PC_IND,IND_TOTAL,PL,2011,11.49,
336,Poland,ESTAT:TIN00102(1.0),15/12/22 11:00:00,A,I_IUJOB,PC_IND,IND_TOTAL,PL,2013,11.22,
337,Poland,ESTAT:TIN00102(1.0),15/12/22 11:00:00,A,I_IUJOB,PC_IND,IND_TOTAL,PL,2015,9.87,
338,Poland,ESTAT:TIN00102(1.0),15/12/22 11:00:00,A,I_IUJOB,PC_IND,IND_TOTAL,PL,2017,11.63,
339,Poland,ESTAT:TIN00102(1.0),15/12/22 11:00:00,A,I_IUJOB,PC_IND,IND_TOTAL,PL,2019,8.78,
340,Poland,ESTAT:TIN00102(1.0),15/12/22 11:00:00,A,I_IUJOB,PC_IND,IND_TOTAL,PL,2021,5.96,
341,Portugal,ESTAT:TIN00102(1.0),15/12/22 11:00:00,A,I_IUJOB,PC_IND,IND_TOTAL,PT,2005,3.96,
342,Portugal,ESTAT:TIN00102(1.0),15/12/22 11:00:00,A,I_IUJOB,PC_IND,IND_TOTAL,PT,2006,5.1,
343,Portugal,ESTAT:TIN00102(1.0),15/12/22 11:00:00,A,I_IUJOB,PC_IND,IND_TOTAL,PT,2007,6.49,
344,Portugal,ESTAT:TIN00102(1.0),15/12/22 11:00:00,A,I_IUJOB,PC_IND,IND_TOTAL,PT,2008,8.05,
345,Portugal,ESTAT:TIN00102(1.0),15/12/22 11:00:00,A,I_IUJOB,PC_IND,IND_TOTAL,PT,2009,10.11,
346,Portugal,ESTAT:TIN00102(1.0),15/12/22 11:00:00,A,I_IUJOB,PC_IND,IND_TOTAL,PT,2010,10.09,
347,Portugal,ESTAT:TIN00102(1.0),15/12/22 11:00:00,A,I_IUJOB,PC_IND,IND_TOTAL,PT,2011,11.04,
348,Portugal,ESTAT:TIN00102(1.0),15/12/22 11:00:00,A,I_IUJOB,PC_IND,IND_TOTAL,PT,2013,14.38,
349,Portugal,ESTAT:TIN00102(1.0),15/12/22 11:00:00,A,I_IUJOB,PC_IND,IND_TOTAL,PT,2015,14.37,
350,Portugal,ESTAT:TIN00102(1.0),15/12/22 11:00:00,A,I_IUJOB,PC_IND,IND_TOTAL,PT,2017,14.47,
351,Portugal,ESTAT:TIN00102(1.0),15/12/22 11:00:00,A,I_IUJOB,PC_IND,IND_TOTAL,PT,2019,14.73,
352,Portugal,ESTAT:TIN00102(1.0),15/12/22 11:00:00,A,I_IUJOB,PC_IND,IND_TOTAL,PT,2021,14.85,
353,Romania,ESTAT:TIN00102(1.0),15/12/22 11:00:00,A,I_IUJOB,PC_IND,IND_TOTAL,RO,2006,2.58,
354,Romania,ESTAT:TIN00102(1.0),15/12/22 11:00:00,A,I_IUJOB,PC_IND,IND_TOTAL,RO,2007,2.69,
355,Romania,ESTAT:TIN00102(1.0),15/12/22 11:00:00,A,I_IUJOB,PC_IND,IND_TOTAL,RO,2008,2.75,
356,Romania,ESTAT:TIN00102(1.0),15/12/22 11:00:00,A,I_IUJOB,PC_IND,IND_TOTAL,RO,2009,4.72,
357,Romania,ESTAT:TIN00102(1.0),15/12/22 11:00:00,A,I_IUJOB,PC_IND,IND_TOTAL,RO,2010,6.71,
358,Romania,ESTAT:TIN00102(1.0),15/12/22 11:00:00,A,I_IUJOB,PC_IND,IND_TOTAL,RO,2011,8.84,
359,Romania,ESTAT:TIN00102(1.0),15/12/22 11:00:00,A,I_IUJOB,PC_IND,IND_TOTAL,RO,2013,7.61,
360,Romania,ESTAT:TIN00102(1.0),15/12/22 11:00:00,A,I_IUJOB,PC_IND,IND_TOTAL,RO,2015,6.45,
361,Romania,ESTAT:TIN00102(1.0),15/12/22 11:00:00,A,I_IUJOB,PC_IND,IND_TOTAL,RO,2017,8.32,
362,Romania,ESTAT:TIN00102(1.0),15/12/22 11:00:00,A,I_IUJOB,PC_IND,IND_TOTAL,RO,2019,4.79,
363,Romania,ESTAT:TIN00102(1.0),15/12/22 11:00:00,A,I_IUJOB,PC_IND,IND_TOTAL,RO,2021,5.04,
364,Serbia,ESTAT:TIN00102(1.0),15/12/22 11:00:00,A,I_IUJOB,PC_IND,IND_TOTAL,RS,2007,4.59,
365,Serbia,ESTAT:TIN00102(1.0),15/12/22 11:00:00,A,I_IUJOB,PC_IND,IND_TOTAL,RS,2009,5.99,
366,Serbia,ESTAT:TIN00102(1.0),15/12/22 11:00:00,A,I_IUJOB,PC_IND,IND_TOTAL,RS,2015,12.41,
367,Serbia,ESTAT:TIN00102(1.0),15/12/22 11:00:00,A,I_IUJOB,PC_IND,IND_TOTAL,RS,2017,14.31,
368,Serbia,ESTAT:TIN00102(1.0),15/12/22 11:00:00,A,I_IUJOB,PC_IND,IND_TOTAL,RS,2019,14.33,
369,Serbia,ESTAT:TIN00102(1.0),15/12/22 11:00:00,A,I_IUJOB,PC_IND,IND_TOTAL,RS,2021,11.43,
370,Sweden,ESTAT:TIN00102(1.0),15/12/22 11:00:00,A,I_IUJOB,PC_IND,IND_TOTAL,SE,2005,22.53,
371,Sweden,ESTAT:TIN00102(1.0),15/12/22 11:00:00,A,I_IUJOB,PC_IND,IND_TOTAL,SE,2006,24.36,
372,Sweden,ESTAT:TIN00102(1.0),15/12/22 11:00:00,A,I_IUJOB,PC_IND,IND_TOTAL,SE,2007,18.12,
373,Sweden,ESTAT:TIN00102(1.0),15/12/22 11:00:00,A,I_IUJOB,PC_IND,IND_TOTAL,SE,2008,21.81,
374,Sweden,ESTAT:TIN00102(1.0),15/12/22 11:00:00,A,I_IUJOB,PC_IND,IND_TOTAL,SE,2009,22.15,
375,Sweden,ESTAT:TIN00102(1.0),15/12/22 11:00:00,A,I_IUJOB,PC_IND,IND_TOTAL,SE,2010,25.21,
376,Sweden,ESTAT:TIN00102(1.0),15/12/22 11:00:00,A,I_IUJOB,PC_IND,IND_TOTAL,SE,2011,25.92,
377,Sweden,ESTAT:TIN00102(1.0),15/12/22 11:00:00,A,I_IUJOB,PC_IND,IND_TOTAL,SE,2013,28.84,
378,Sweden,ESTAT:TIN00102(1.0),15/12/22 11:00:00,A,I_IUJOB,PC_IND,IND_TOTAL,SE,2015,26.24,
379,Sweden,ESTAT:TIN00102(1.0),15/12/22 11:00:00,A,I_IUJOB,PC_IND,IND_TOTAL,SE,2017,27.48,
380,Sweden,ESTAT:TIN00102(1.0),15/12/22 11:00:00,A,I_IUJOB,PC_IND,IND_TOTAL,SE,2019,30.47,
381,Sweden,ESTAT:TIN00102(1.0),15/12/22 11:00:00,A,I_IUJOB,PC_IND,IND_TOTAL,SE,2021,27.69,
382,Slovenia,ESTAT:TIN00102(1.0),15/12/22 11:00:00,A,I_IUJOB,PC_IND,IND_TOTAL,SI,2005,6.8,
383,Slovenia,ESTAT:TIN00102(1.0),15/12/22 11:00:00,A,I_IUJOB,PC_IND,IND_TOTAL,SI,2006,9.27,
384,Slovenia,ESTAT:TIN00102(1.0),15/12/22 11:00:00,A,I_IUJOB,PC_IND,IND_TOTAL,SI,2007,11.39,
385,Slovenia,ESTAT:TIN00102(1.0),15/12/22 11:00:00,A,I_IUJOB,PC_IND,IND_TOTAL,SI,2008,9.74,
386,Slovenia,ESTAT:TIN00102(1.0),15/12/22 11:00:00,A,I_IUJOB,PC_IND,IND_TOTAL,SI,2009,12.24,
387,Slovenia,ESTAT:TIN00102(1.0),15/12/22 11:00:00,A,I_IUJOB,PC_IND,IND_TOTAL,SI,2010,13.9,
388,Slovenia,ESTAT:TIN00102(1.0),15/12/22 11:00:00,A,I_IUJOB,PC_IND,IND_TOTAL,SI,2011,13.76,
389,Slovenia,ESTAT:TIN00102(1.0),15/12/22 11:00:00,A,I_IUJOB,PC_IND,IND_TOTAL,SI,2013,15.81,
390,Slovenia,ESTAT:TIN00102(1.0),15/12/22 11:00:00,A,I_IUJOB,PC_IND,IND_TOTAL,SI,2015,13.01,
391,Slovenia,ESTAT:TIN00102(1.0),15/12/22 11:00:00,A,I_IUJOB,PC_IND,IND_TOTAL,SI,2017,13.2,
392,Slovenia,ESTAT:TIN00102(1.0),15/12/22 11:00:00,A,I_IUJOB,PC_IND,IND_TOTAL,SI,2019,13.41,
393,Slovenia,ESTAT:TIN00102(1.0),15/12/22 11:00:00,A,I_IUJOB,PC_IND,IND_TOTAL,SI,2021,12.44,
394,Slovakia,ESTAT:TIN00102(1.0),15/12/22 11:00:00,A,I_IUJOB,PC_IND,IND_TOTAL,SK,2005,10.83,
395,Slovakia,ESTAT:TIN00102(1.0),15/12/22 11:00:00,A,I_IUJOB,PC_IND,IND_TOTAL,SK,2006,10.38,
396,Slovakia,ESTAT:TIN00102(1.0),15/12/22 11:00:00,A,I_IUJOB,PC_IND,IND_TOTAL,SK,2007,11.06,
397,Slovakia,ESTAT:TIN00102(1.0),15/12/22 11:00:00,A,I_IUJOB,PC_IND,IND_TOTAL,SK,2008,12.95,
398,Slovakia,ESTAT:TIN00102(1.0),15/12/22 11:00:00,A,I_IUJOB,PC_IND,IND_TOTAL,SK,2009,16.24,
399,Slovakia,ESTAT:TIN00102(1.0),15/12/22 11:00:00,A,I_IUJOB,PC_IND,IND_TOTAL,SK,2010,16.44,
400,Slovakia,ESTAT:TIN00102(1.0),15/12/22 11:00:00,A,I_IUJOB,PC_IND,IND_TOTAL,SK,2011,17.73,
401,Slovakia,ESTAT:TIN00102(1.0),15/12/22 11:00:00,A,I_IUJOB,PC_IND,IND_TOTAL,SK,2013,13.11,
402,Slovakia,ESTAT:TIN00102(1.0),15/12/22 11:00:00,A,I_IUJOB,PC_IND,IND_TOTAL,SK,2015,10.27,
403,Slovakia,ESTAT:TIN00102(1.0),15/12/22 11:00:00,A,I_IUJOB,PC_IND,IND_TOTAL,SK,2017,16.39,
404,Slovakia,ESTAT:TIN00102(1.0),15/12/22 11:00:00,A,I_IUJOB,PC_IND,IND_TOTAL,SK,2019,14.61,
405,Slovakia,ESTAT:TIN00102(1.0),15/12/22 11:00:00,A,I_IUJOB,PC_IND,IND_TOTAL,SK,2021,15.28,
406,Turkey,ESTAT:TIN00102(1.0),15/12/22 11:00:00,A,I_IUJOB,PC_IND,IND_TOTAL,TR,2005,1.47,
407,Turkey,ESTAT:TIN00102(1.0),15/12/22 11:00:00,A,I_IUJOB,PC_IND,IND_TOTAL,TR,2007,3.58,
408,Turkey,ESTAT:TIN00102(1.0),15/12/22 11:00:00,A,I_IUJOB,PC_IND,IND_TOTAL,TR,2008,3.89,
409,Turkey,ESTAT:TIN00102(1.0),15/12/22 11:00:00,A,I_IUJOB,PC_IND,IND_TOTAL,TR,2009,4.5,
410,Turkey,ESTAT:TIN00102(1.0),15/12/22 11:00:00,A,I_IUJOB,PC_IND,IND_TOTAL,TR,2010,3.84,
411,Turkey,ESTAT:TIN00102(1.0),15/12/22 11:00:00,A,I_IUJOB,PC_IND,IND_TOTAL,TR,2013,5.56,
412,Turkey,ESTAT:TIN00102(1.0),15/12/22 11:00:00,A,I_IUJOB,PC_IND,IND_TOTAL,TR,2015,5.17,
413,Turkey,ESTAT:TIN00102(1.0),15/12/22 11:00:00,A,I_IUJOB,PC_IND,IND_TOTAL,TR,2017,6.2,
414,Turkey,ESTAT:TIN00102(1.0),15/12/22 11:00:00,A,I_IUJOB,PC_IND,IND_TOTAL,TR,2019,7.86,
415,Turkey,ESTAT:TIN00102(1.0),15/12/22 11:00:00,A,I_IUJOB,PC_IND,IND_TOTAL,TR,2021,8.97,
416,United Kingdom,ESTAT:TIN00102(1.0),15/12/22 11:00:00,A,I_IUJOB,PC_IND,IND_TOTAL,UK,2005,15.63,
417,United Kingdom,ESTAT:TIN00102(1.0),15/12/22 11:00:00,A,I_IUJOB,PC_IND,IND_TOTAL,UK,2006,16.07,
418,United Kingdom,ESTAT:TIN00102(1.0),15/12/22 11:00:00,A,I_IUJOB,PC_IND,IND_TOTAL,UK,2007,15.43,
419,United Kingdom,ESTAT:TIN00102(1.0),15/12/22 11:00:00,A,I_IUJOB,PC_IND,IND_TOTAL,UK,2008,19.76,
420,United Kingdom,ESTAT:TIN00102(1.0),15/12/22 11:00:00,A,I_IUJOB,PC_IND,IND_TOTAL,UK,2009,24.98,
421,United Kingdom,ESTAT:TIN00102(1.0),15/12/22 11:00:00,A,I_IUJOB,PC_IND,IND_TOTAL,UK,2010,22.13,
422,United Kingdom,ESTAT:TIN00102(1.0),15/12/22 11:00:00,A,I_IUJOB,PC_IND,IND_TOTAL,UK,2011,26.17,
423,United Kingdom,ESTAT:TIN00102(1.0),15/12/22 11:00:00,A,I_IUJOB,PC_IND,IND_TOTAL,UK,2013,25.88,
424,United Kingdom,ESTAT:TIN00102(1.0),15/12/22 11:00:00,A,I_IUJOB,PC_IND,IND_TOTAL,UK,2015,25.54,
425,United Kingdom,ESTAT:TIN00102(1.0),15/12/22 11:00:00,A,I_IUJOB,PC_IND,IND_TOTAL,UK,2017,23.58,
426,United Kingdom,ESTAT:TIN00102(1.0),15/12/22 11:00:00,A,I_IUJOB,PC_IND,IND_TOTAL,UK,2019,24.64,
427,Kosovo,ESTAT:TIN00102(1.0),15/12/22 11:00:00,A,I_IUJOB,PC_IND,IND_TOTAL,XK,2017,10.73,
428,Kosovo,ESTAT:TIN00102(1.0),15/12/22 11:00:00,A,I_IUJOB,PC_IND,IND_TOTAL,XK,2019,15.3,
